id,q2,q3,q4,q6,q7,q8,q9,q10,q11,q12,q13,q14,q15,q16,q17,q18,q19,q20,q21,q22,q23,q24,q25,q26,q27,q28,q29,q30,q31,q32,q33,q34,q35,q36,q37,q38,q39,q40,q41,q42,q43,q44,q45,q46,q47,q48,q49,q50,q51,q52,q53,q54,q55,q56,q57,q57,q58,q59_1,q59_2,q59_3,q59_4,q59_5,q60_1,q60_2,q60_3,q60_4,q60_5,q61,q62,q63,q64,q65_1,q65_2,q65_3,q65_4,q65_5,,
1,31,2,1,1,1,1,1,3,2,0,1,1,1,2,0,2,3,3,1,1,4,1,1,1,0,5,1,0,0,1,1,1,1,1,1,0,0,0,0,1,1,1,1,1,1,1,0,1,0,0,1,1,1,1,1,1,1,1,1,1,1,1,1,1,1,1,1,1,1,1,1,1,1,1,1,1,,
2,23,2,1,1,1,1,1,3,2,0,1,1,1,2,0,2,3,2,1,1,4,1,1,1,0,5,1,0,0,1,1,1,1,1,1,0,0,0,0,1,1,1,1,1,1,1,0,1,0,0,1,1,1,1,1,1,1,1,1,1,1,1,1,1,1,1,1,1,1,1,1,1,1,1,1,1,,
3,39,2,1,1,1,1,5,3,2,0,1,1,1,2,0,2,3,2,1,1,4,1,1,2,0,5,7,0,0,1,1,1,1,1,1,0,0,0,0,1,1,1,1,1,1,1,0,1,0,0,1,1,1,1,1,1,1,1,1,1,1,1,1,1,1,1,1,1,1,1,1,1,1,1,1,1,,
4,32,2,1,1,1,2,4,5,2,0,1,1,1,2,0,1,3,2,3,1,3,1,1,2,0,5,1,0,0,1,1,1,1,1,1,0,0,0,0,1,1,1,1,1,1,1,0,1,0,0,1,1,1,1,1,1,1,1,1,1,1,1,1,1,1,1,1,1,1,1,1,1,1,1,1,1,,
5,29,2,1,1,1,2,1,5,2,0,1,1,1,2,0,2,3,3,2,1,4,1,1,1,0,4,1,0,0,1,1,1,1,1,1,0,0,0,0,1,1,1,1,1,1,1,0,1,0,0,1,1,1,1,1,1,1,1,1,1,1,1,1,1,1,1,1,1,1,1,1,1,1,1,1,1,,
6,27,2,1,1,1,2,5,4,2,0,1,1,1,2,0,2,3,3,1,1,3,1,1,1,0,4,1,0,0,1,1,1,1,1,1,0,0,0,0,1,1,1,1,1,1,1,0,1,0,0,1,1,1,1,1,1,1,1,1,1,1,1,1,1,1,1,1,1,1,1,1,1,1,1,1,1,,
7,41,2,1,1,1,2,1,5,2,0,1,1,1,2,0,2,3,2,1,1,3,1,1,2,0,4,1,0,0,1,1,1,1,1,1,0,0,0,0,1,1,1,1,1,1,1,0,1,0,0,1,1,1,1,1,1,1,1,1,1,1,1,1,1,1,1,1,1,1,1,1,1,1,1,1,1,,
8,33,2,1,1,1,2,4,5,2,0,1,1,1,2,0,2,3,2,1,1,4,1,1,2,0,5,1,0,0,1,1,1,1,1,1,0,0,0,0,1,1,1,1,1,1,1,0,1,0,0,1,1,1,1,1,1,1,1,1,1,1,1,1,1,1,1,1,1,1,1,1,1,1,1,1,1,,
9,25,2,2,1,1,1,1,3,2,0,1,1,1,2,0,2,3,2,1,1,4,1,1,2,0,5,1,0,0,1,1,1,1,1,1,0,0,0,0,1,1,1,1,1,1,1,0,1,0,0,1,1,1,1,1,1,1,1,1,1,1,1,1,1,1,1,1,1,1,1,1,1,1,1,1,1,,
10,38,2,1,1,1,1,1,3,2,0,1,1,1,2,0,2,3,2,1,1,4,1,1,1,0,5,1,0,0,1,1,1,1,1,1,0,0,0,0,1,1,1,1,1,1,1,0,1,0,0,1,1,1,1,1,1,1,1,1,1,1,1,1,1,1,1,1,1,1,1,1,1,1,1,1,1,,
11,27,2,4,1,1,2,1,5,2,0,1,1,1,2,0,1,3,2,1,1,5,1,1,1,0,4,1,0,0,1,1,1,1,1,1,0,0,0,0,1,1,1,1,1,1,1,0,1,0,0,1,1,1,1,1,1,1,1,1,1,1,1,1,1,1,1,1,1,1,1,1,1,1,1,1,1,,
12,40,2,1,1,1,1,1,3,1,0,1,1,1,2,0,1,3,3,1,1,3,1,1,1,0,5,7,0,0,1,1,1,1,1,1,0,0,0,0,1,1,1,1,1,1,1,0,1,0,0,1,1,1,1,1,1,1,1,1,1,1,1,1,1,1,1,1,1,1,1,1,1,1,1,1,1,,
13,30,2,1,1,1,1,5,3,1,0,1,1,1,2,0,2,3,3,2,1,3,1,1,1,0,5,1,0,0,1,1,1,1,1,1,0,0,0,0,1,1,1,1,1,1,1,0,1,0,0,1,1,1,1,1,1,1,1,1,1,1,1,1,1,1,1,1,1,1,1,1,1,1,1,1,1,,
14,24,2,1,1,1,2,1,4,2,0,1,1,1,2,0,2,3,2,1,1,3,1,1,2,0,4,1,0,0,1,1,1,1,1,1,0,0,0,0,1,1,1,1,1,1,1,0,1,0,0,1,1,1,1,1,1,1,1,1,1,1,1,1,1,1,1,1,1,1,1,1,1,1,1,1,1,,
15,27,2,1,1,1,1,1,3,2,0,1,1,1,2,0,1,2,2,1,1,3,1,1,1,0,4,1,0,0,1,1,1,1,1,1,0,0,0,0,1,1,1,1,1,1,1,0,1,0,0,1,1,1,1,1,1,1,1,1,1,1,1,1,1,1,1,1,1,1,1,1,1,1,1,1,1,,
16,24,2,1,1,1,1,1,3,2,0,1,1,1,2,0,3,3,3,1,1,3,1,1,1,0,5,1,0,0,1,1,1,1,1,1,0,0,0,0,1,1,1,1,1,1,1,0,1,0,0,1,1,1,1,1,1,1,1,1,1,1,1,1,1,1,1,1,1,1,1,1,1,1,1,1,1,,
17,45,2,1,1,1,2,1,5,2,0,1,1,1,2,0,2,3,2,1,1,4,1,1,1,0,5,7,0,0,1,1,1,1,1,1,0,0,0,0,1,1,1,1,1,1,1,0,1,0,0,1,1,1,1,1,1,1,1,1,1,1,1,1,1,1,1,1,1,1,1,1,1,1,1,1,1,,
18,26,2,1,1,1,1,1,3,2,0,1,1,1,2,0,3,3,3,1,1,4,1,1,1,0,4,1,0,0,1,1,1,1,1,1,0,0,0,0,1,1,1,1,1,1,1,0,1,0,0,1,1,1,1,1,1,1,1,1,1,1,1,1,1,1,1,1,1,1,1,1,1,1,1,1,1,,
19,34,2,1,1,1,2,4,5,1,0,1,1,1,2,0,3,3,3,2,1,3,1,1,1,0,4,7,0,0,1,1,1,1,1,1,0,0,0,0,1,1,1,1,1,1,1,0,1,0,0,1,1,1,1,1,1,1,1,1,1,1,1,1,1,1,1,1,1,1,1,1,1,1,1,1,1,,
20,23,2,1,1,1,1,1,2,1,0,1,1,1,2,0,1,3,3,1,1,4,1,1,2,0,4,1,0,0,1,1,1,1,1,1,0,0,0,0,1,1,1,1,1,1,1,0,1,0,0,1,1,1,1,1,1,1,1,1,1,1,1,1,1,1,1,1,1,1,1,1,1,1,1,1,1,,
21,34,2,1,1,1,1,5,2,1,0,1,1,1,2,0,2,3,2,1,1,4,1,1,1,0,5,1,0,0,1,1,1,1,1,1,0,0,0,0,1,1,1,1,1,1,1,0,1,0,0,1,1,1,1,1,1,1,1,1,1,1,1,1,1,1,1,1,1,1,1,1,1,1,1,1,1,,
22,38,2,1,1,1,1,5,3,3,0,1,1,1,2,0,1,3,2,1,1,4,1,1,2,0,5,1,0,0,1,1,1,1,1,1,0,0,0,0,1,1,1,1,1,1,1,0,1,0,0,1,1,1,1,1,1,1,1,1,1,1,1,1,1,1,1,1,1,1,1,1,1,1,1,1,1,,
23,50,2,1,1,1,1,1,3,3,0,1,1,1,2,0,2,3,3,2,1,4,1,1,2,0,5,1,0,0,1,1,1,1,1,1,0,0,0,0,1,1,1,1,1,1,1,0,1,0,0,1,1,1,1,1,1,1,1,1,1,1,1,1,1,1,1,1,1,1,1,1,1,1,1,1,1,,
24,33,2,1,1,1,1,1,4,3,0,1,1,1,2,0,3,3,2,2,1,3,1,1,2,0,4,1,0,0,1,1,1,1,1,1,0,0,0,0,1,1,1,1,1,1,1,0,1,0,0,1,1,1,1,1,1,1,1,1,1,1,1,1,1,1,1,1,1,1,1,1,1,1,1,1,1,,
25,24,2,1,1,1,1,1,2,2,0,1,1,1,2,0,2,3,2,2,1,3,1,1,2,0,4,7,0,0,1,1,1,1,1,1,0,0,0,0,1,1,1,1,1,1,1,0,1,0,0,1,1,1,1,1,1,1,1,1,1,1,1,1,1,1,1,1,1,1,1,1,1,1,1,1,1,,
26,35,2,2,1,1,1,1,5,2,0,1,1,1,2,0,3,3,3,1,1,4,1,1,1,0,5,1,0,0,1,1,1,1,1,1,0,0,0,0,1,1,1,1,1,1,1,0,1,0,0,1,1,1,1,1,1,1,1,1,1,1,1,1,1,1,1,1,1,1,1,1,1,1,1,1,1,,
27,33,2,1,1,1,2,1,3,1,0,1,1,1,2,0,1,3,3,1,1,4,1,1,1,0,4,1,0,0,1,1,1,1,1,1,0,0,0,0,1,1,1,1,1,1,1,0,1,0,0,1,1,1,1,1,1,1,1,1,1,1,1,1,1,1,1,1,1,1,1,1,1,1,1,1,1,,
28,30,2,1,1,1,2,1,2,3,0,1,1,1,2,0,3,3,2,1,1,4,1,1,1,0,5,1,0,0,1,1,1,1,1,1,0,0,0,0,1,1,1,1,1,1,1,0,1,0,0,1,1,1,1,1,1,1,1,1,1,1,1,1,1,1,1,1,1,1,1,1,1,1,1,1,1,,
29,35,2,1,1,1,2,1,2,3,0,1,1,1,2,0,2,3,3,1,1,4,1,1,1,0,4,1,0,0,1,1,1,1,1,1,0,0,0,0,1,1,1,1,1,1,1,0,1,0,0,1,1,1,1,1,1,1,1,1,1,1,1,1,1,1,1,1,1,1,1,1,1,1,1,1,1,,
30,32,2,1,1,1,2,1,4,3,0,1,1,1,2,0,1,3,2,1,1,4,1,1,1,0,4,7,0,0,1,1,1,1,1,1,0,0,0,0,1,1,1,1,1,1,1,0,1,0,0,1,1,1,1,1,1,1,1,1,1,1,1,1,1,1,1,1,1,1,1,1,1,1,1,1,1,,
31,37,2,1,1,1,1,1,3,3,0,1,1,1,2,0,3,3,2,1,1,4,1,1,2,0,5,7,0,0,1,1,1,1,1,1,0,0,0,0,1,1,1,1,1,1,1,0,1,0,0,1,1,1,1,1,1,1,1,1,1,1,1,1,1,1,1,1,1,1,1,1,1,1,1,1,1,,
32,25,2,1,1,1,1,1,5,3,0,1,1,1,2,0,1,3,3,1,1,4,1,1,2,0,5,1,0,0,1,1,1,1,1,1,0,0,0,0,1,1,1,1,1,1,1,0,1,0,0,1,1,1,1,1,1,1,1,1,1,1,1,1,1,1,1,1,1,1,1,1,1,1,1,1,1,,
33,45,2,2,1,1,1,4,5,3,0,1,1,1,2,0,2,3,2,2,1,4,1,1,1,0,5,1,0,0,1,1,1,1,1,1,0,0,0,0,1,1,1,1,1,1,1,0,1,0,0,1,1,1,1,1,1,1,1,1,1,1,1,1,1,1,1,1,1,1,1,1,1,1,1,1,1,,
34,25,2,1,1,1,2,4,4,3,0,1,1,1,2,0,2,3,2,1,1,4,1,1,1,0,4,1,0,0,1,1,1,1,1,1,0,0,0,0,1,1,1,1,1,1,1,0,1,0,0,1,1,1,1,1,1,1,1,1,1,1,1,1,1,1,1,1,1,1,1,1,1,1,1,1,1,,
35,39,2,1,1,1,2,5,3,3,0,1,1,1,2,0,3,3,3,1,1,4,1,1,1,0,4,7,0,0,1,1,1,1,1,1,0,0,0,0,1,1,1,1,1,1,1,0,1,0,0,1,1,1,1,1,1,1,1,1,1,1,1,1,1,1,1,1,1,1,1,1,1,1,1,1,1,,
36,24,2,1,1,1,1,5,5,2,0,1,1,1,2,0,3,3,2,2,1,4,1,1,1,0,4,7,0,0,1,1,1,1,1,1,0,0,0,0,1,1,1,1,1,1,1,0,1,0,0,1,1,1,1,1,1,1,1,1,1,1,1,1,1,1,1,1,1,1,1,1,1,1,1,1,1,,
37,25,2,1,1,1,2,1,5,1,0,1,1,1,2,0,3,3,2,1,1,4,1,1,1,0,5,1,0,0,1,1,1,1,1,1,0,0,0,0,1,1,1,1,1,1,1,0,1,0,0,1,1,1,1,1,1,1,1,1,1,1,1,1,1,1,1,1,1,1,1,1,1,1,1,1,1,,
38,25,2,1,1,1,2,4,5,2,0,1,1,1,2,0,2,3,3,2,1,4,1,1,1,0,5,1,0,0,1,1,1,1,1,1,0,0,0,0,1,1,1,1,1,1,1,0,1,0,0,1,1,1,1,1,1,1,1,1,1,1,1,1,1,1,1,1,1,1,1,1,1,1,1,1,1,,
39,38,2,1,1,1,1,3,4,3,0,1,1,1,2,0,2,3,2,1,1,4,1,1,2,0,4,1,0,0,1,1,1,1,1,1,0,0,0,0,1,1,1,1,1,1,1,0,1,0,0,1,1,1,1,1,1,1,1,1,1,1,1,1,1,1,1,1,1,1,1,1,1,1,1,1,1,,
40,33,2,1,1,1,1,4,3,2,0,1,1,1,2,0,1,3,3,1,1,4,1,1,2,0,4,1,0,0,1,1,1,1,1,1,0,0,0,0,1,1,1,1,1,1,1,0,1,0,0,1,1,1,1,1,1,1,1,1,1,1,1,1,1,1,1,1,1,1,1,1,1,1,1,1,1,,
41,30,2,1,1,1,1,1,2,2,0,1,1,1,2,0,1,3,3,3,1,5,1,4,2,0,5,1,0,0,1,1,1,1,1,1,0,1,0,0,1,1,1,1,1,1,1,0,1,0,0,1,1,1,1,1,1,1,1,1,1,1,1,1,1,1,1,1,1,1,1,1,1,1,1,1,1,,
42,38,2,1,1,1,2,4,4,3,0,1,1,1,2,0,3,3,3,1,1,4,1,1,1,0,2,6,0,0,1,1,1,1,1,1,0,0,0,0,1,1,1,1,1,1,1,0,1,0,0,1,1,1,1,1,1,1,1,1,1,1,1,1,1,1,1,1,1,1,1,1,1,1,1,1,1,,
43,30,2,1,1,1,1,4,4,3,0,1,1,1,2,0,3,3,3,1,1,4,1,1,1,0,5,6,0,0,1,1,1,1,1,1,0,0,0,0,1,1,1,1,1,1,1,0,1,0,0,1,1,1,1,1,1,1,1,1,1,1,1,1,1,1,1,1,1,1,1,1,1,1,1,1,1,,
44,35,2,1,1,1,2,4,1,1,0,1,1,1,2,0,2,3,3,1,1,4,1,1,1,0,5,7,0,0,1,1,1,1,1,1,0,0,0,0,1,1,1,1,1,1,1,1,1,0,0,1,1,1,1,1,1,1,1,1,1,1,1,1,1,1,1,1,1,1,1,1,1,1,1,1,1,,
45,60,2,1,1,1,1,4,3,1,0,1,1,1,2,0,3,3,1,1,1,5,1,4,1,0,5,7,0,0,1,1,1,1,1,1,0,0,0,0,1,1,1,1,1,1,1,0,1,0,0,1,1,1,1,1,1,1,1,1,1,1,1,1,1,1,1,1,1,1,1,1,1,1,1,1,1,,
46,60,2,1,4,1,1,4,1,1,0,1,1,1,2,0,2,3,2,1,1,4,1,4,2,0,4,1,0,0,1,1,1,1,1,1,0,0,0,0,1,1,1,1,1,1,1,0,1,0,0,1,1,1,1,1,1,1,1,1,1,1,1,1,1,1,1,1,1,1,1,1,1,1,1,1,1,,
47,32,2,3,1,1,2,4,3,2,0,1,1,1,2,0,1,3,3,2,1,4,1,1,1,0,4,7,0,0,1,1,1,1,1,1,0,0,0,0,1,1,1,1,1,1,1,0,1,0,0,1,1,1,1,1,1,1,1,1,1,1,1,1,1,1,1,1,1,1,1,1,1,1,1,1,1,,
48,35,2,1,1,1,1,1,3,3,0,1,1,1,2,0,1,3,3,3,1,4,1,1,1,0,4,1,0,0,1,1,1,1,1,1,0,0,0,0,1,1,1,1,1,1,1,0,1,0,0,1,1,1,1,1,1,1,1,1,1,1,1,1,1,1,1,1,1,1,1,1,1,1,1,1,1,,
49,48,2,5,1,1,1,1,3,1,0,1,1,1,2,0,2,3,2,1,1,4,1,1,2,0,4,1,0,0,1,1,1,1,1,1,0,0,0,0,1,1,1,1,1,1,1,0,1,0,0,1,1,1,1,1,1,1,1,1,1,1,1,1,1,1,1,1,1,1,1,1,1,1,1,1,1,,
50,28,2,1,4,1,1,1,1,2,0,1,1,1,2,0,1,3,2,1,1,4,1,1,2,0,4,1,0,0,1,1,1,1,1,1,0,0,0,0,1,1,1,1,1,1,1,0,1,0,0,1,1,1,1,1,1,1,1,1,1,1,1,1,1,1,1,1,1,1,1,1,1,1,1,1,1,,
51,51,2,6,1,1,1,1,2,3,0,1,1,1,2,0,1,1,3,1,1,4,1,1,2,0,4,1,0,0,1,1,1,1,1,1,0,0,0,0,1,1,1,1,1,1,1,0,1,0,0,1,1,1,1,1,1,1,1,1,1,1,1,1,1,1,1,1,1,1,1,1,1,1,1,1,1,,
52,28,2,4,4,1,1,4,3,2,0,1,1,1,2,0,1,3,3,1,1,5,1,4,1,0,2,1,0,0,1,1,1,1,1,1,0,0,0,0,1,1,1,1,1,1,1,0,1,0,0,1,1,1,1,1,1,1,1,1,1,1,1,1,1,1,1,1,1,1,1,1,1,1,1,1,1,,
53,32,2,4,1,1,2,4,3,2,0,1,1,1,2,0,3,3,3,1,1,5,1,4,2,0,2,6,0,0,1,1,1,1,1,1,0,0,0,0,1,1,1,1,1,1,1,0,1,0,0,1,1,1,1,1,1,1,1,1,1,1,1,1,1,1,1,1,1,1,1,1,1,1,1,1,1,,
54,27,2,2,1,2,2,4,2,1,0,1,1,1,2,0,3,3,2,2,1,4,1,4,2,0,2,1,0,0,1,1,1,1,1,1,0,0,0,0,1,1,1,1,1,1,1,0,1,0,0,1,1,1,1,1,1,1,1,1,1,1,1,1,1,1,1,1,1,1,1,1,1,1,1,1,1,,
55,48,2,2,1,2,1,1,4,1,0,1,1,1,2,0,3,3,2,3,1,5,1,4,1,0,2,1,0,0,1,1,1,1,1,1,0,0,0,0,1,1,1,1,1,1,1,0,1,0,0,1,1,1,1,1,1,1,1,1,1,1,1,1,1,1,1,1,1,1,1,1,1,1,1,1,1,,
56,45,2,4,1,2,1,1,3,1,0,1,1,1,2,0,3,3,3,1,1,4,1,1,1,0,2,6,0,0,1,1,1,1,1,1,0,0,0,0,1,1,1,1,1,1,1,0,1,0,0,1,1,1,1,1,1,1,1,1,1,1,1,1,1,1,1,1,1,1,1,1,1,1,1,1,1,,
57,28,2,2,1,1,1,4,3,1,0,1,1,1,2,0,3,3,3,1,1,5,1,1,1,0,2,1,0,0,1,1,1,1,1,1,0,0,0,0,1,1,1,1,1,1,1,0,1,0,0,1,1,1,1,1,1,1,1,1,1,1,1,1,1,1,1,1,1,1,1,1,1,1,1,1,1,,
58,38,2,1,1,1,2,1,1,1,0,1,1,1,2,0,1,3,2,1,1,4,1,4,1,0,2,6,0,0,1,1,1,1,1,1,0,0,0,0,1,1,1,1,1,1,1,0,1,0,0,1,1,1,1,1,1,1,1,1,1,1,1,1,1,1,1,1,1,1,1,1,1,1,1,1,1,,
59,35,1,4,1,1,1,4,2,1,0,1,1,1,2,0,3,3,3,2,1,5,1,4,1,0,3,6,0,0,1,1,1,1,1,1,0,0,0,0,1,1,1,1,1,1,1,0,1,0,0,1,1,1,1,1,1,1,1,1,1,1,1,1,1,1,1,1,1,1,1,1,1,1,1,1,1,,
60,60,1,3,1,1,1,3,3,1,0,1,1,1,2,0,1,3,2,2,1,4,1,1,1,0,2,1,0,0,1,1,1,1,1,1,0,0,0,0,1,1,1,1,1,1,1,0,1,0,0,1,1,1,1,1,1,1,1,1,1,1,1,1,1,1,1,1,1,1,1,1,1,1,1,1,1,,
61,45,2,1,1,1,1,5,4,1,0,1,1,1,2,0,1,3,3,2,1,5,1,1,1,0,2,1,0,0,1,1,1,1,1,1,0,0,0,0,1,1,1,1,1,1,1,0,1,0,0,1,1,1,1,1,1,1,1,1,1,1,1,1,1,1,1,1,1,1,1,1,1,1,1,1,1,,
62,50,2,1,1,1,1,1,4,1,0,1,1,1,2,0,3,3,3,3,1,4,1,1,1,0,2,1,0,0,1,1,1,1,1,1,0,0,0,0,1,1,1,1,1,1,1,0,1,0,0,1,1,1,1,1,1,1,1,1,1,1,1,1,1,1,1,1,1,1,1,1,1,1,1,1,1,,
63,35,2,1,1,2,1,4,4,1,0,1,1,1,2,0,1,3,2,2,1,4,1,1,2,0,2,1,0,0,1,1,1,1,1,1,0,0,0,0,1,1,1,1,1,1,1,0,1,0,0,1,1,1,1,1,1,1,1,1,1,1,1,1,1,1,1,1,1,1,1,1,1,1,1,1,1,,
64,35,2,5,4,2,1,2,4,1,0,1,1,1,2,0,3,3,2,2,1,4,1,1,1,0,2,1,0,0,1,1,1,1,1,1,0,0,0,0,1,1,1,1,1,1,1,0,1,0,0,1,1,1,1,1,1,1,1,1,1,1,1,1,1,1,1,1,1,1,1,1,1,1,1,1,1,,
65,35,2,5,1,1,1,3,1,1,0,1,1,1,2,0,1,3,2,2,1,4,1,1,1,0,2,1,0,0,1,1,1,1,1,1,0,0,0,0,1,1,1,1,1,1,1,0,1,0,0,1,1,1,1,1,1,1,1,1,1,1,1,1,1,1,1,1,1,1,1,1,1,1,1,1,1,,
66,38,2,2,1,1,1,3,4,1,0,1,1,1,2,0,3,3,2,2,1,4,1,2,2,0,3,1,0,0,1,1,1,1,1,1,0,0,0,0,1,1,1,1,1,1,1,0,1,0,0,1,1,1,1,1,1,1,1,1,1,1,1,1,1,1,1,1,1,1,1,1,1,1,1,1,1,,
67,58,2,1,1,1,1,4,4,1,0,1,1,1,2,0,1,3,2,3,1,4,1,1,1,0,3,1,0,0,1,1,1,1,1,1,0,0,0,0,1,1,1,1,1,1,1,0,1,0,0,1,1,1,1,1,1,1,1,1,1,1,1,1,1,1,1,1,1,1,1,1,1,1,1,1,1,,
68,46,2,1,1,1,1,5,1,1,0,1,1,1,2,0,3,3,3,3,1,5,1,1,2,0,2,6,0,0,1,1,1,1,1,1,0,0,0,0,1,1,1,1,1,1,1,0,1,0,0,1,1,1,1,1,1,1,1,1,1,1,1,1,1,1,1,1,1,1,1,1,1,1,1,1,1,,
69,27,2,5,1,1,1,2,2,1,0,1,1,1,2,0,3,3,3,3,1,5,1,1,1,0,2,1,0,0,1,1,1,1,1,1,0,0,0,0,1,1,1,1,1,1,1,0,1,0,0,1,1,1,1,1,1,1,1,1,1,1,1,1,1,1,1,1,1,1,1,1,1,1,1,1,1,,
70,30,2,1,1,1,1,1,1,1,0,1,1,1,2,0,3,3,2,3,1,5,1,4,1,0,2,1,0,0,1,1,1,1,1,1,0,0,0,0,1,1,1,1,1,1,1,0,1,0,0,1,1,1,1,1,1,1,1,1,1,1,1,1,1,1,1,1,1,1,1,1,1,1,1,1,1,,
71,30,2,2,3,1,2,3,4,1,0,1,1,1,2,0,3,3,2,3,1,5,1,4,1,0,3,1,0,0,1,1,1,1,1,1,0,0,0,0,1,1,1,1,1,1,1,0,1,0,0,1,1,1,1,1,1,1,1,1,1,1,1,1,1,1,1,1,1,1,1,1,1,1,1,1,1,,
72,32,2,2,1,2,1,5,4,1,0,1,1,1,2,0,1,3,3,2,1,5,1,4,1,0,3,1,0,0,1,1,1,1,1,1,0,0,0,0,1,1,1,1,1,1,1,0,1,0,0,1,1,1,1,1,1,1,1,1,1,1,1,1,1,1,1,1,1,1,1,1,1,1,1,1,1,,
73,70,2,1,1,2,1,3,4,1,0,1,1,1,2,0,1,3,2,3,1,4,1,4,2,0,2,6,0,0,1,1,1,1,1,1,0,0,0,0,1,1,1,1,1,1,1,0,1,0,0,1,1,1,1,1,1,1,1,1,1,1,1,1,1,1,1,1,1,1,1,1,1,1,1,1,1,,
74,28,2,2,1,1,2,1,1,1,0,1,1,1,2,0,3,3,3,2,1,4,1,1,2,0,2,1,0,0,1,1,1,1,1,1,0,0,0,0,1,1,1,1,1,1,1,0,1,0,0,1,1,1,1,1,1,1,1,1,1,1,1,1,1,1,1,1,1,1,1,1,1,1,1,1,1,,
75,45,2,1,4,1,2,3,1,3,0,1,1,1,2,0,1,3,3,3,1,5,1,1,1,0,2,1,0,0,1,1,1,1,1,1,0,0,0,0,1,1,1,1,1,1,1,0,1,0,0,1,1,1,1,1,1,1,1,1,1,1,1,1,1,1,1,1,1,1,1,1,1,1,1,1,1,,
76,50,2,1,1,1,1,3,1,1,0,1,1,1,2,0,1,3,2,2,1,5,1,4,2,0,3,1,0,0,1,1,1,1,1,1,0,0,0,0,1,1,1,1,1,1,1,0,1,0,0,1,1,1,1,1,1,1,1,1,1,1,1,1,1,1,1,1,1,1,1,1,1,1,1,1,1,,
77,60,2,1,1,1,1,2,1,1,0,1,1,1,2,0,3,3,2,3,1,5,1,4,1,0,3,1,0,0,1,1,1,1,1,1,0,0,0,0,1,1,1,1,1,1,1,0,1,0,0,1,1,1,1,1,1,1,1,1,1,1,1,1,1,1,1,1,1,1,1,1,1,1,1,1,1,,
78,40,2,1,1,1,1,3,1,1,0,1,1,1,2,0,1,3,3,2,1,4,1,4,1,0,2,6,0,0,1,1,1,1,1,1,0,0,0,0,1,1,1,1,1,1,1,0,1,0,0,1,1,1,1,1,1,1,1,1,1,1,1,1,1,1,1,1,1,1,1,1,1,1,1,1,1,,
79,30,2,1,1,2,1,4,1,1,0,1,1,1,2,0,3,3,2,3,1,4,1,4,2,0,3,1,0,0,1,1,1,1,1,1,0,0,0,0,1,1,1,1,1,1,1,0,1,0,0,1,1,1,1,1,1,1,1,1,1,1,1,1,1,1,1,1,1,1,1,1,1,1,1,1,1,,
80,45,2,1,4,1,1,4,1,2,0,1,1,1,2,0,1,3,2,2,1,5,1,1,,0,2,6,0,0,1,1,1,1,1,1,0,0,0,0,1,1,1,1,1,1,1,0,1,0,0,1,1,1,1,1,1,1,1,1,1,1,1,1,1,1,1,1,1,1,1,1,1,1,1,1,1,,
81,70,2,1,4,1,2,5,1,1,0,1,1,1,2,0,3,3,3,3,1,5,1,1,1,0,2,1,0,0,1,1,1,1,1,1,0,0,0,0,1,1,1,1,1,1,1,0,1,0,0,1,1,1,1,1,1,1,1,1,1,1,1,1,1,1,1,1,1,1,1,1,1,1,1,1,1,,
82,40,2,1,1,1,2,3,1,1,0,1,1,1,2,0,1,3,2,2,1,4,1,1,1,0,2,1,0,0,1,1,1,1,1,1,0,0,0,0,1,1,1,1,1,1,1,0,1,0,0,1,1,1,1,1,1,1,1,1,1,1,1,1,1,1,1,1,1,1,1,1,1,1,1,1,1,,
83,45,2,1,1,2,2,2,1,1,0,1,1,1,2,0,1,3,3,2,1,5,1,1,1,0,3,1,0,0,1,1,1,1,1,1,0,0,0,0,1,1,1,1,1,1,1,0,1,0,0,1,1,1,1,1,1,1,1,1,1,1,1,1,1,1,1,1,1,1,1,1,1,1,1,1,1,,
84,38,2,1,1,2,1,3,1,1,0,1,1,1,2,0,1,3,2,2,1,4,1,1,1,0,3,6,0,0,1,1,1,1,1,1,0,0,0,0,1,1,1,1,1,1,1,0,1,0,0,1,1,1,1,1,1,1,1,1,1,1,1,1,1,1,1,1,1,1,1,1,1,1,1,1,1,,
86,55,2,1,1,1,1,4,1,1,0,1,1,1,2,0,3,3,2,2,1,4,1,4,1,0,3,1,0,0,1,1,1,1,1,1,0,0,0,0,1,1,1,1,1,1,1,0,1,0,0,1,1,1,1,1,1,1,1,1,1,1,1,1,1,1,1,1,1,1,1,1,1,1,1,1,1,,
87,55,2,1,1,2,1,4,4,1,0,1,1,1,2,0,3,3,2,2,1,4,1,1,1,0,3,1,0,0,1,1,1,1,1,1,0,0,0,0,1,1,1,1,1,1,1,0,1,0,0,1,1,1,1,1,1,1,1,1,1,1,1,1,1,1,1,1,1,1,1,1,1,1,1,1,1, ,
88,40,2,1,1,2,1,3,1,1,0,1,1,1,2,0,1,3,2,3,1,4,1,1,1,0,2,1,0,0,1,1,1,1,1,1,0,0,0,0,1,1,1,1,1,1,1,0,1,0,0,1,1,1,1,1,1,1,1,1,1,1,1,1,1,1,1,1,1,1,1,1,1,1,1,1,1,,
90,45,2,1,1,1,1,4,4,1,0,1,1,1,2,0,1,3,2,2,1,5,1,4,1,0,3,1,0,0,1,1,1,1,1,1,0,0,0,0,1,1,1,1,1,1,1,0,1,0,0,1,1,1,1,1,1,1,1,1,1,1,1,1,1,1,1,1,1,1,1,1,1,1,1,1,1,,
91,50,2,3,1,1,1,3,1,1,0,1,1,1,2,0,1,3,2,2,1,5,1,4,1,0,3,1,0,0,1,1,1,1,1,1,0,0,0,0,1,1,1,1,1,1,1,0,1,0,0,1,1,1,1,1,1,1,1,1,1,1,1,1,1,1,1,1,1,1,1,1,1,1,1,1,1,,
92,40,2,3,1,1,1,3,1,1,0,1,1,1,2,0,1,3,2,2,1,5,1,1,1,0,2,1,0,0,1,1,1,1,1,1,0,0,0,0,1,1,1,1,1,1,1,0,1,0,0,1,1,1,1,1,1,1,1,1,1,1,1,1,1,1,1,1,1,1,1,1,1,1,1,1,1,,
93,47,2,3,1,1,1,2,4,1,0,1,1,1,2,0,1,3,2,3,1,5,1,1,1,0,3,1,0,0,1,1,1,1,1,1,0,0,0,0,1,1,1,1,1,1,1,0,1,0,0,1,1,1,1,1,1,1,1,1,1,1,1,1,1,1,1,1,1,1,1,1,1,1,1,1,1,,
94,48,2,1,1,2,1,3,4,2,0,1,1,1,2,0,3,3,2,2,1,5,1,1,1,0,3,6,0,0,1,1,1,1,1,1,0,0,0,0,1,1,1,1,1,1,1,0,1,0,0,1,1,1,1,1,1,1,1,1,1,1,1,1,1,1,1,1,1,1,1,1,1,1,1,1,1,,
95,30,2,3,1,1,1,3,4,1,0,1,1,1,2,0,3,3,2,3,1,5,1,1,1,0,1,1,0,0,1,1,1,1,1,1,0,0,0,0,1,1,1,1,1,1,1,0,1,0,0,1,1,1,1,1,1,1,1,1,1,1,1,1,1,1,1,1,1,1,1,1,1,1,1,1,1,,
96,47,2,3,1,1,1,3,1,1,0,1,1,1,2,0,3,3,2,2,1,4,1,1,1,0,1,1,0,0,1,1,1,1,1,1,0,0,0,0,1,1,1,1,1,1,1,0,1,0,0,1,1,1,1,1,1,1,1,1,1,1,1,1,1,1,1,1,1,1,1,1,1,1,1,1,1,,
97,35,2,1,1,1,1,3,1,1,0,1,1,1,2,0,1,3,2,3,1,4,1,1,1,0,1,6,0,0,1,1,1,1,1,1,0,0,0,0,1,1,1,1,1,1,1,0,1,0,0,1,1,1,1,1,1,1,1,1,1,1,1,1,1,1,1,1,1,1,1,1,1,1,1,1,1,,
98,37,2,3,1,1,1,1,3,2,0,1,1,1,1,0,1,2,1,5,3,4,0,1,7,0,1,1,0,0,1,1,1,1,1,1,0,0,0,0,0,0,1,0,0,1,0,0,0,0,0,0,1,1,1,1,1,1,1,1,1,1,1,1,1,1,1,1,1,1,1,1,1,1,1,1,1,,
99,28,2,2,1,1,2,4,4,2,0,1,1,1,2,0,1,3,1,1,1,3,1,1,2,0,4,7,0,1,1,1,0,0,0,1,1,1,0,0,0,0,1,1,0,0,0,0,1,0,0,1,1,1,1,1,1,1,1,1,1,1,1,1,1,1,1,1,1,1,1,1,1,1,1,1,1,,
100,50,2,1,1,2,2,4,4,2,0,1,1,1,2,0,1,3,1,1,1,3,1,1,2,0,4,7,0,0,1,1,1,1,1,1,0,0,0,0,0,0,1,1,0,0,0,0,1,0,0,1,1,1,1,1,1,1,1,1,1,1,1,1,1,1,1,1,1,1,1,1,1,1,1,1,1,,
101,30,2,3,1,1,1,4,3,1,0,1,1,1,1,0,2,2,1,1,1,3,0,1,7,0,5,7,0,1,1,1,1,0,0,1,1,0,0,0,0,0,0,1,0,1,0,0,1,0,0,0,1,1,1,1,1,1,1,1,1,1,1,1,1,1,1,1,1,1,1,1,1,1,1,1,1, ,
102,38,2,3,1,1,2,4,4,2,0,1,1,1,1,0,1,2,1,1,1,3,0,1,7,0,5,7,0,1,1,1,0,0,1,1,0,0,0,0,0,0,0,1,0,0,1,0,1,0,0,0,1,1,1,1,0,1,1,1,1,1,1,1,1,1,1,1,1,1,1,1,1,1,1,1,1,,
103,40,2,2,3,1,1,1,5,3,0,1,1,1,1,0,1,2,1,1,1,3,0,1,7,0,5,7,0,1,1,1,0,0,1,1,0,0,0,0,0,0,0,0,0,0,1,0,1,0,0,0,1,1,1,1,0,1,1,1,1,1,1,1,1,1,1,1,1,1,1,1,1,1,1,1,1,,
104,32,2,4,3,1,1,1,5,3,0,1,1,1,1,0,1,2,1,1,1,3,0,1,7,0,5,7,0,1,1,1,0,0,1,1,0,0,0,0,0,0,0,0,0,0,1,0,1,1,0,1,1,1,1,1,1,1,1,1,1,1,1,1,1,1,1,1,1,1,1,1,1,1,1,1,1,,
105,40,2,4,1,1,1,4,2,1,0,1,1,1,1,0,3,3,2,1,4,4,1,1,2,0,5,7,0,1,1,1,1,1,1,1,1,1,0,1,1,1,1,1,1,1,1,0,1,0,0,1,1,1,1,1,1,1,1,1,1,1,1,1,1,1,1,1,1,1,1,1,1,1,1,1,1,,
106,36,2,3,1,1,1,5,2,1,0,1,1,1,2,0,3,3,3,1,1,4,1,1,2,0,5,7,0,0,1,1,1,1,1,1,0,0,0,1,1,1,1,1,1,1,1,0,1,0,0,1,1,1,1,1,1,1,1,1,1,1,1,1,1,1,1,1,1,1,1,1,1,1,1,1,1,,
107,30,2,4,1,1,1,5,3,1,0,1,1,1,1,0,3,3,3,1,1,4,1,1,2,0,5,7,0,0,1,1,1,1,1,1,1,0,0,0,0,1,1,1,1,1,1,0,1,0,0,1,1,1,1,1,1,1,1,1,1,1,1,1,1,1,1,1,1,1,1,1,1,1,1,1,1,,
108,52,2,2,4,1,1,3,2,1,0,1,1,1,1,0,3,3,1,1,4,4,1,1,1,0,5,1,0,0,1,1,1,1,1,1,1,1,0,0,0,0,1,1,1,1,1,0,1,0,0,1,1,1,1,1,1,1,1,1,1,1,1,1,1,1,1,1,1,1,1,1,1,1,1,1,1,,
109,27,2,4,1,1,1,3,2,1,0,1,1,1,1,0,3,3,1,1,4,4,1,1,1,0,5,1,0,0,1,1,1,1,1,1,1,1,0,1,0,0,1,1,1,1,1,0,1,0,0,1,1,1,1,1,1,1,1,1,1,1,1,1,1,1,1,1,1,1,1,1,1,1,1,1,1,,
110,47,2,3,1,1,1,3,5,1,0,1,1,1,1,0,3,3,1,1,1,4,1,1,1,0,5,1,0,0,1,1,1,1,1,1,1,1,0,1,1,1,1,1,1,1,1,0,1,0,0,1,1,1,1,1,1,1,1,1,1,1,1,1,1,1,1,1,1,1,1,1,1,1,1,1,1,,
111,50,2,1,1,2,2,3,4,2,0,1,1,1,2,0,3,3,2,1,1,4,1,1,1,0,5,1,0,0,1,1,1,1,1,1,0,0,0,0,1,1,1,1,1,1,1,0,0,0,0,1,0,1,1,1,1,1,1,1,1,1,1,1,1,1,1,1,1,1,1,1,1,1,1,1,1,,
112,44,2,4,1,1,1,5,3,1,0,1,1,1,2,0,3,3,2,1,1,4,1,1,1,0,5,1,0,0,1,1,1,1,1,1,0,0,0,0,0,1,1,1,1,1,1,0,0,0,0,1,0,1,1,1,1,1,1,1,1,1,1,1,1,1,1,1,1,1,1,1,1,1,1,1,1,,
113,44,2,1,1,2,1,1,5,3,0,0,1,1,1,0,3,3,2,1,1,4,1,1,1,0,5,1,0,0,1,1,1,1,1,1,0,0,0,0,0,1,1,1,1,1,1,0,0,0,0,1,0,1,1,1,1,1,1,1,1,1,1,1,1,1,1,1,1,1,1,1,1,1,1,1,1,,
114,24,2,4,1,1,1,4,3,2,0,1,1,1,1,0,3,3,2,1,1,4,1,1,1,0,5,1,0,0,1,1,1,1,1,1,0,0,0,0,0,1,1,1,1,1,1,0,1,0,0,1,1,1,1,1,1,1,1,1,1,1,1,1,1,1,1,1,1,1,1,1,1,1,1,1,1,,
115,66,2,1,1,1,1,4,1,1,0,1,1,1,1,0,3,3,2,1,1,4,1,1,1,0,5,1,0,0,1,1,1,1,1,1,1,1,0,0,0,0,0,0,0,0,0,0,1,0,0,1,1,1,1,1,1,1,1,1,1,1,1,1,1,1,1,1,1,1,1,1,1,1,1,1,1,,
116,48,2,1,1,2,5,5,2,2,0,1,1,1,1,0,2,3,3,1,1,4,1,1,2,0,5,1,0,0,1,1,1,1,1,1,1,1,0,1,1,1,1,1,1,1,1,0,1,0,0,1,1,1,1,1,1,1,1,1,1,1,1,1,1,1,1,1,1,1,1,1,1,1,1,1,1,,
117,39,2,3,1,1,1,4,3,1,0,1,1,1,2,0,1,3,3,1,1,4,1,1,1,0,1,7,0,0,1,1,1,1,1,1,1,1,0,1,1,1,1,1,1,1,1,0,1,0,0,1,1,1,1,1,1,1,1,1,1,1,1,1,1,1,1,1,1,1,1,1,1,1,1,1,1,,
118,35,2,2,1,1,1,1,3,1,0,1,1,1,2,0,1,3,2,1,1,4,1,1,1,0,1,7,0,0,1,1,1,1,1,1,1,1,0,1,1,1,1,1,1,1,1,0,1,0,0,1,1,1,1,1,1,1,1,1,1,1,1,1,1,1,1,1,1,1,1,1,1,1,1,1,1,,
119,48,2,2,1,1,4,2,1,1,0,1,1,1,2,0,1,3,3,2,1,4,1,1,1,0,1,7,0,0,1,1,1,1,1,1,1,1,0,1,1,1,1,1,1,1,1,0,1,0,0,1,1,1,1,1,1,1,1,1,1,1,1,1,1,1,1,1,1,1,1,1,1,1,1,1,1,,
120,35,2,1,1,4,3,1,1,1,0,1,1,1,1,0,1,3,3,2,1,4,1,1,1,0,1,7,0,0,1,1,1,1,1,1,1,1,0,1,1,1,1,1,1,1,1,0,1,0,0,1,1,1,1,1,1,1,1,1,1,1,1,1,1,1,1,1,1,1,1,1,1,1,1,1,1,,
121,30,2,3,1,1,1,5,1,1,0,1,1,1,1,0,1,3,3,2,1,4,1,1,1,0,1,7,0,0,1,1,1,1,1,1,1,1,0,1,1,1,1,1,1,1,1,0,1,0,0,1,1,1,1,1,1,1,1,1,1,1,1,1,1,1,1,1,1,1,1,1,1,1,1,1,1,,
122,36,2,4,1,1,5,3,2,1,0,1,1,1,1,0,1,3,3,2,1,4,1,1,1,0,1,1,0,0,1,1,1,1,1,1,1,1,0,1,1,1,1,1,1,1,1,0,1,0,0,1,1,1,1,1,1,1,1,1,1,1,1,1,1,1,1,1,1,1,1,1,1,1,1,1,1,,
123,35,2,3,1,1,1,5,3,1,0,1,1,1,1,0,1,2,3,2,1,4,1,1,1,0,1,7,0,0,1,1,1,1,1,1,1,1,0,0,0,0,1,1,1,1,1,0,1,0,0,1,1,1,1,1,1,1,1,1,1,1,1,1,1,1,1,1,1,1,1,1,1,1,1,1,1,,
124,40,2,1,5,1,1,5,2,1,0,1,1,1,1,0,1,1,3,3,1,4,1,1,1,0,1,1,0,0,1,1,1,1,1,1,1,1,0,0,0,0,1,1,1,1,1,0,1,0,0,1,1,1,1,1,1,1,1,1,1,1,1,1,1,1,1,1,1,1,1,1,1,1,1,1,1,,
125,35,2,4,1,1,1,4,3,1,0,1,1,1,1,0,1,1,3,1,1,4,1,1,1,0,1,1,0,0,1,1,1,1,1,1,1,1,0,1,1,1,1,1,1,1,1,0,1,0,0,1,1,1,1,1,1,1,1,1,1,1,1,1,1,1,1,1,1,1,1,1,1,1,1,1,1,,
126,38,2,1,1,1,2,5,4,2,0,1,1,1,2,0,1,1,3,1,1,4,1,1,2,0,1,1,0,0,1,1,1,1,1,1,1,1,0,1,1,1,1,1,1,1,1,0,1,0,0,1,1,1,1,1,1,1,1,1,1,1,1,1,1,1,1,1,1,1,1,1,1,1,1,1,1, ,
127,34,2,3,1,1,1,5,3,1,0,1,1,1,2,0,2,2,2,1,1,4,1,1,2,0,1,1,0,0,1,1,1,1,1,1,1,1,0,1,1,1,1,1,1,1,1,0,1,0,0,1,1,1,1,1,1,1,1,1,1,1,1,1,1,1,1,1,1,1,1,1,1,1,1,1,1,,
128,50,2,1,2,2,5,4,1,1,0,1,1,1,2,0,2,2,1,1,1,4,1,1,2,0,1,1,0,0,1,1,1,1,1,1,1,1,0,1,1,1,1,1,1,1,1,0,1,0,0,1,1,1,1,1,1,1,1,1,1,1,1,1,1,1,1,1,1,1,1,1,1,1,1,1,1,,
129,33,2,2,1,2,2,4,4,1,0,1,1,1,2,0,2,1,1,1,1,4,1,1,2,0,1,1,0,0,1,1,1,1,1,1,1,1,0,1,1,1,1,1,1,1,1,0,1,0,0,1,1,1,1,1,1,1,1,1,1,1,1,1,1,1,1,1,1,1,1,1,1,1,1,1,1,,
130,58,2,1,1,1,1,2,4,1,0,1,1,1,2,0,2,1,1,1,1,4,1,1,2,0,1,1,0,0,1,1,1,1,1,1,1,1,0,1,1,1,1,1,1,1,1,0,1,0,0,1,1,1,1,1,1,1,1,1,1,1,1,1,1,1,1,1,1,1,1,1,1,1,1,1,1,,
131,40,2,1,1,1,5,3,4,1,0,1,1,1,2,0,2,1,1,1,1,1,1,1,2,0,1,1,0,0,1,1,1,1,1,1,1,1,0,1,1,1,1,1,1,1,1,0,1,0,0,1,1,1,1,1,1,1,1,1,1,1,1,1,1,1,1,1,1,1,1,1,1,1,1,1,1,,
132,47,2,3,1,1,1,5,3,1,0,1,1,1,1,0,2,1,1,1,1,1,1,1,2,0,1,1,0,0,1,1,1,1,1,1,1,1,0,1,1,1,1,1,1,1,1,0,1,0,0,1,1,1,1,1,1,1,1,1,1,1,1,1,1,1,1,1,1,1,1,1,1,1,1,1,1,,
133,33,2,3,1,1,2,5,4,1,0,1,1,1,2,0,2,1,1,1,1,1,1,1,2,0,1,1,0,0,1,1,1,1,1,1,1,1,0,1,1,1,1,1,1,1,1,0,1,0,0,1,1,1,1,1,1,1,1,1,1,1,1,1,1,1,1,1,1,1,1,1,1,1,1,1,1,,
134,28,2,3,1,1,1,5,1,1,0,1,1,1,2,0,2,1,1,1,1,1,1,1,2,0,1,1,0,0,1,1,1,1,1,1,1,1,0,1,0,1,0,1,1,1,1,0,1,0,0,1,1,1,1,1,1,1,1,1,1,1,1,1,1,1,1,1,1,1,1,1,1,1,1,1,1,,
135,37,2,4,1,1,4,2,1,1,0,1,1,1,2,0,2,1,3,1,1,1,1,1,2,0,1,1,0,0,1,1,1,1,1,1,1,1,0,1,1,1,1,1,1,1,1,0,1,0,0,1,1,1,1,1,1,1,1,1,1,1,1,1,1,1,1,1,1,1,1,1,1,1,1,1,1,,
136,40,2,1,1,1,2,4,4,2,0,1,1,1,2,0,2,1,3,1,1,1,1,1,2,0,1,1,0,0,1,1,1,1,1,1,1,1,0,1,1,1,1,1,1,1,1,0,1,0,0,1,1,1,1,1,1,1,1,1,1,1,1,1,1,1,1,1,1,1,1,1,1,1,1,1,1,,
137,43,2,3,1,1,1,4,3,1,0,1,1,2,2,0,2,1,3,1,1,1,1,1,2,0,1,1,0,0,1,1,1,1,1,1,1,1,0,1,1,1,1,1,1,1,1,0,1,0,0,1,1,1,1,1,1,1,1,1,1,1,1,1,1,1,1,1,1,1,1,1,1,1,1,1,1,,
138,26,2,3,1,1,1,4,3,1,0,1,1,2,2,0,2,1,3,1,1,1,1,1,2,0,1,1,0,0,1,1,1,1,1,1,1,1,0,1,1,1,1,1,1,1,1,0,1,0,0,1,1,1,1,1,1,1,1,1,1,1,1,1,1,1,1,1,1,1,1,1,1,1,1,1,1,,
139,50,2,3,1,1,1,4,3,1,0,1,1,1,2,0,2,1,3,1,1,1,1,1,2,0,1,1,0,0,1,1,1,1,1,1,1,1,0,1,1,1,1,1,1,1,1,0,1,0,0,1,1,1,1,1,1,1,1,1,1,1,1,1,1,1,1,1,1,1,1,1,1,1,1,1,1,,
140,39,2,3,1,1,1,4,3,1,0,1,1,2,1,0,1,1,3,1,1,1,1,1,2,0,1,1,0,0,1,1,1,1,1,1,1,1,0,1,1,1,1,1,1,1,1,0,1,0,0,1,1,1,1,1,1,1,1,1,1,1,1,1,1,1,1,1,1,1,1,1,1,1,1,1,1,,
141,29,2,3,1,1,1,4,3,1,0,1,1,2,2,0,1,1,3,1,1,1,1,1,2,0,1,1,0,0,1,1,1,1,1,1,1,1,0,0,1,1,1,1,1,0,1,0,1,0,0,1,1,1,1,1,1,1,1,1,1,1,1,1,1,1,1,1,1,1,1,1,1,1,1,1,1,,
142,49,2,1,1,1,1,4,4,1,0,1,1,1,1,0,2,1,3,1,1,1,1,1,2,0,1,1,0,0,1,1,1,1,1,1,1,0,0,1,1,1,1,1,1,1,1,0,1,0,0,1,1,0,1,1,1,1,1,1,1,1,1,1,1,1,1,1,1,1,1,1,1,1,1,1,1,,
143,51,2,1,1,1,1,4,2,1,0,1,1,1,1,0,1,1,3,1,1,1,1,1,2,0,1,7,0,0,1,1,1,1,1,1,1,1,0,0,1,1,1,1,1,1,1,0,1,0,0,1,1,0,1,1,1,1,1,1,1,1,1,1,1,1,1,1,1,1,1,1,1,1,1,1,1,,
144,30,2,1,1,1,1,2,2,1,0,1,1,2,2,0,2,1,3,1,1,1,1,1,2,0,5,7,0,0,1,1,1,1,1,1,1,1,0,1,1,1,1,1,1,1,1,0,1,0,0,1,1,1,1,1,1,1,1,1,1,1,1,1,1,1,1,1,1,1,1,1,1,1,1,1,1,,
145,36,2,1,1,1,1,2,2,1,0,1,1,1,2,0,1,1,1,1,1,1,1,1,2,0,1,4,0,0,1,1,1,1,1,1,1,1,0,1,1,1,1,1,1,1,1,0,1,0,0,1,1,1,1,1,1,1,1,1,1,1,1,1,1,1,1,1,1,1,1,1,1,1,1,1,1,,
146,61,2,1,1,1,1,2,3,1,0,1,1,2,1,0,2,1,2,1,1,1,1,1,1,0,1,4,0,0,1,1,1,1,1,1,1,1,0,1,1,1,1,1,1,1,1,0,1,0,0,1,1,1,1,1,1,1,1,1,1,1,1,1,1,1,1,1,1,1,1,1,1,1,1,1,1,,
147,61,2,1,1,1,1,1,2,1,0,1,1,1,2,0,2,1,1,1,1,1,1,1,2,0,5,4,0,0,1,1,1,1,1,1,1,1,0,1,1,1,1,1,1,1,1,0,1,0,0,1,1,0,1,1,1,1,1,1,1,1,1,1,1,1,1,1,1,1,1,1,1,1,1,1,1,,
148,37,2,1,1,1,1,1,3,1,0,1,1,2,2,0,2,1,2,1,1,1,1,1,2,0,5,4,0,0,1,1,1,1,1,1,1,1,0,1,1,1,1,1,1,1,1,0,1,0,0,1,1,0,1,1,1,1,1,1,1,1,1,1,1,1,1,1,1,1,1,1,1,1,1,1,1,,
149,46,2,1,1,1,1,2,1,1,0,1,1,1,2,0,2,1,3,1,1,1,1,1,1,0,5,1,0,0,1,1,1,1,1,1,1,1,0,1,1,1,1,1,1,1,1,0,1,0,0,1,1,1,1,1,1,1,1,1,1,1,1,1,1,1,1,1,1,1,1,1,1,1,1,1,1,,
150,66,2,1,1,1,1,3,1,1,0,1,1,1,2,0,1,1,3,1,1,1,1,1,2,0,5,4,0,0,1,1,1,1,1,1,1,1,0,1,1,1,1,1,1,1,1,0,1,0,0,1,1,1,1,1,1,1,1,1,1,1,1,1,1,1,1,1,1,1,1,1,1,1,1,1,1,,
151,56,2,1,1,1,1,2,2,1,0,1,1,1,1,0,2,1,3,1,1,4,1,1,1,0,1,7,0,0,1,1,1,1,1,1,1,1,0,1,1,1,1,1,1,1,1,0,1,0,0,1,1,1,1,1,1,1,1,1,1,1,1,1,1,1,1,1,1,1,1,1,1,1,1,1,1,,
152,21,2,1,1,1,1,2,1,1,0,1,1,1,1,0,1,1,3,1,1,4,1,1,2,0,1,1,0,0,1,1,1,1,1,1,1,1,0,1,1,1,1,1,1,1,1,0,1,0,0,1,1,1,1,1,1,1,1,1,1,1,1,1,1,1,1,1,1,1,1,1,1,1,1,1,1,,
153,30,2,1,1,1,1,1,1,1,0,1,1,2,2,0,2,1,3,1,1,4,1,1,2,0,1,1,0,0,1,1,1,1,1,1,1,1,0,1,1,1,1,1,1,1,1,0,1,0,0,1,1,1,1,1,1,1,1,1,1,1,1,1,1,1,1,1,1,1,1,1,1,1,1,1,1, , 
154,41,2,1,1,1,1,2,1,1,0,1,1,2,1,0,1,1,1,1,1,4,1,1,1,0,1,1,0,0,1,1,1,1,1,1,1,1,0,1,1,1,1,1,1,1,1,0,1,0,0,1,1,1,1,1,1,1,1,1,1,1,1,1,1,1,1,1,1,1,1,1,1,1,1,1,1,,
155,34,2,1,1,1,1,3,1,1,0,1,1,2,2,0,1,1,1,1,1,2,1,1,1,0,4,1,0,0,1,1,1,1,1,1,1,1,0,1,1,1,1,1,1,1,1,0,1,0,0,1,1,1,1,1,1,1,1,1,1,1,1,1,1,1,1,1,1,1,1,1,1,1,1,1,1,,
156,33,2,1,1,1,1,3,1,1,0,1,1,2,2,0,1,1,2,1,1,1,1,1,1,0,4,1,0,0,1,1,1,1,1,1,1,1,0,1,1,1,1,1,1,1,1,0,1,0,0,1,1,1,1,1,1,1,1,1,1,1,1,1,1,1,1,1,1,1,1,1,1,1,1,1,1,,
157,34,2,1,1,1,1,4,1,1,0,1,1,1,1,0,1,1,3,1,1,1,1,1,1,0,4,1,0,0,1,1,1,1,1,1,1,1,0,1,1,1,1,1,1,1,1,0,1,0,0,1,1,1,1,1,1,1,1,1,1,1,1,1,1,1,1,1,1,1,1,1,1,1,1,1,1,,
158,34,2,1,1,1,1,1,1,1,0,1,1,1,1,0,2,1,3,1,1,1,1,1,1,0,5,7,0,0,1,1,1,1,1,1,1,1,0,1,1,1,1,1,1,1,1,0,1,0,0,1,1,1,1,1,1,1,1,1,1,1,1,1,1,1,1,1,1,1,1,1,1,1,1,1,1,,
159,57,2,1,1,1,2,4,4,2,0,1,1,1,1,0,1,4,2,3,1,2,0,1,1,0,7,7,0,0,1,1,1,1,1,1,1,1,0,1,0,0,0,1,1,1,1,0,1,0,0,1,1,1,1,1,1,1,1,1,1,1,1,1,1,1,1,1,1,1,1,1,1,1,1,1,1,,
160,30,2,1,1,1,2,1,2,3,0,1,1,1,2,0,1,4,2,4,1,3,0,1,1,0,6,7,0,0,1,1,1,1,1,1,1,1,0,1,0,0,0,0,1,1,1,0,1,0,0,1,1,1,1,1,1,1,1,1,1,1,1,1,1,1,1,1,1,1,1,1,1,1,1,1,1,,
161,32,2,1,1,1,2,1,2,1,0,1,1,1,2,0,1,4,2,2,1,3,0,1,1,0,4,7,0,0,1,1,1,1,1,1,1,1,0,1,1,1,1,1,1,1,1,0,1,0,0,1,1,1,1,1,1,1,1,1,1,1,1,1,1,1,1,1,1,1,1,1,1,1,1,1,1, ,
162,42,2,1,1,1,2,1,2,1,0,1,1,1,2,0,3,3,1,1,1,5,1,4,1,0,5,7,0,0,1,1,1,1,1,1,0,0,0,0,1,1,1,1,1,1,1,0,1,0,0,1,1,1,1,1,1,1,1,1,1,1,1,1,1,1,1,1,1,1,1,1,1,1,1,1,1,,
163,40,2,1,1,1,2,1,2,1,0,1,1,1,2,0,2,3,2,1,1,4,1,4,2,0,4,1,0,0,1,1,1,1,1,1,0,0,0,0,1,1,1,1,1,1,1,0,1,0,0,1,1,1,1,1,1,1,1,1,1,1,1,1,1,1,1,1,1,1,1,1,1,1,1,1,1,,
164,32,2,1,1,1,2,1,1,1,0,1,1,1,2,0,1,3,3,2,1,4,1,1,1,0,4,7,0,0,1,1,1,1,1,1,0,0,0,0,1,1,1,1,1,1,1,0,1,0,0,1,1,1,1,1,1,1,1,1,1,1,1,1,1,1,1,1,1,1,1,1,1,1,1,1,1,,
165,40,2,1,1,1,1,1,1,1,0,1,1,1,2,0,1,3,3,3,1,4,1,1,1,0,4,1,0,0,1,1,1,1,1,1,0,0,0,0,1,1,1,1,1,1,1,0,1,0,0,1,1,1,1,1,1,1,1,1,1,1,1,1,1,1,1,1,1,1,1,1,1,1,1,1,1,,
166,49,2,1,1,1,1,1,1,1,0,1,1,1,2,0,2,3,2,1,1,4,1,1,2,0,4,1,0,0,1,1,1,1,1,1,0,0,0,0,1,1,1,1,1,1,1,0,1,0,0,1,1,1,1,1,1,1,1,1,1,1,1,1,1,1,1,1,1,1,1,1,1,1,1,1,1,,
167,34,2,1,1,1,1,4,2,1,0,1,1,1,2,0,1,3,2,1,1,4,1,1,2,0,4,1,0,0,1,1,1,1,1,1,0,0,0,0,1,1,1,1,1,1,1,0,1,0,0,1,1,1,1,1,1,1,1,1,1,1,1,1,1,1,1,1,1,1,1,1,1,1,1,1,1,,
168,57,2,1,1,1,1,4,1,1,0,1,1,1,2,0,1,1,3,1,1,4,1,1,2,0,4,1,0,0,1,1,1,1,1,1,0,0,0,0,1,1,1,1,1,1,1,0,1,0,0,1,1,1,1,1,1,1,1,1,1,1,1,1,1,1,1,1,1,1,1,1,1,1,1,1,1,,
169,39,2,1,1,1,1,4,1,1,0,1,1,1,2,0,1,3,3,1,1,5,1,4,1,0,2,1,0,0,1,1,1,1,1,1,0,0,0,0,1,1,1,1,1,1,1,0,1,0,0,1,1,1,1,1,1,1,1,1,1,1,1,1,1,1,1,1,1,1,1,1,1,1,1,1,1,,
170,36,2,1,1,1,2,1,2,1,0,1,1,1,2,0,3,3,3,1,1,5,1,4,2,0,2,6,0,0,1,1,1,1,1,1,0,0,0,0,1,1,1,1,1,1,1,0,1,0,0,1,1,1,1,1,1,1,1,1,1,1,1,1,1,1,1,1,1,1,1,1,1,1,1,1,1,,
171,63,2,1,1,1,1,1,1,1,0,1,1,1,2,0,3,3,2,2,1,4,1,4,2,0,2,1,0,0,1,1,1,1,1,1,0,0,0,0,1,1,1,1,1,1,1,0,1,0,0,1,1,1,1,1,1,1,1,1,1,1,1,1,1,1,1,1,1,1,1,1,1,1,1,1,1,,
172,41,2,1,1,1,1,1,1,1,0,1,1,1,2,0,3,3,2,3,1,5,1,4,1,0,2,1,0,0,1,1,1,1,1,1,0,0,0,0,1,1,1,1,1,1,1,0,1,0,0,1,1,1,1,1,1,1,1,1,1,1,1,1,1,1,1,1,1,1,1,1,1,1,1,1,1,,
173,26,2,1,1,1,1,1,1,1,0,1,1,1,2,0,3,3,3,1,1,4,1,1,1,0,2,6,0,0,1,1,1,1,1,1,0,0,0,0,1,1,1,1,1,1,1,0,1,0,0,1,1,1,1,1,1,1,1,1,1,1,1,1,1,1,1,1,1,1,1,1,1,1,1,1,1,,
174,26,2,1,1,1,1,1,2,1,0,1,1,1,2,0,3,3,3,1,1,5,1,1,1,0,2,1,0,0,1,1,1,1,1,1,0,0,0,0,1,1,1,1,1,1,1,0,1,0,0,1,1,1,1,1,1,1,1,1,1,1,1,1,1,1,1,1,1,1,1,1,1,1,1,1,1,,
175,42,2,1,1,1,1,1,1,1,0,1,1,1,2,0,1,3,2,1,1,4,1,4,1,0,2,6,0,0,1,1,1,1,1,1,0,0,0,0,1,1,1,1,1,1,1,0,1,0,0,1,1,1,1,1,1,1,1,1,1,1,1,1,1,1,1,1,1,1,1,1,1,1,1,1,1,,
176,39,2,1,1,1,1,4,1,1,0,1,1,1,2,0,3,3,3,2,1,5,1,4,1,0,3,6,0,0,1,1,1,1,1,1,0,0,0,0,1,1,1,1,1,1,1,0,1,0,0,1,1,1,1,1,1,1,1,1,1,1,1,1,1,1,1,1,1,1,1,1,1,1,1,1,1,,
177,61,2,1,1,1,1,1,1,1,0,1,1,1,2,0,1,3,2,2,1,4,1,1,1,0,2,1,0,0,1,1,1,1,1,1,0,0,0,0,1,1,1,1,1,1,1,0,1,0,0,1,1,1,1,1,1,1,1,1,1,1,1,1,1,1,1,1,1,1,1,1,1,1,1,1,1,,
178,43,2,1,1,1,1,1,1,1,0,1,1,1,2,0,1,3,3,2,1,5,1,1,1,0,2,1,0,0,1,1,1,1,1,1,0,0,0,0,1,1,1,1,1,1,1,0,1,0,0,1,1,1,1,1,1,1,1,1,1,1,1,1,1,1,1,1,1,1,1,1,1,1,1,1,1,,
179,39,2,1,1,1,1,1,1,1,0,1,1,1,2,0,3,3,3,3,1,4,1,1,1,0,2,1,0,0,1,1,1,1,1,1,0,0,0,0,1,1,1,1,1,1,1,0,1,0,0,1,1,1,1,1,1,1,1,1,1,1,1,1,1,1,1,1,1,1,1,1,1,1,1,1,1,,
180,33,2,2,1,1,1,1,1,1,0,1,1,1,2,0,1,3,2,2,1,4,1,1,2,0,2,1,0,0,1,1,1,1,1,1,0,0,0,0,1,1,1,1,1,1,1,0,1,0,0,1,1,1,1,1,1,1,1,1,1,1,1,1,1,1,1,1,1,1,1,1,1,1,1,1,1,,
181,46,2,1,1,1,1,1,1,1,0,1,1,1,2,0,3,3,2,2,1,4,1,1,1,0,2,1,0,0,1,1,1,1,1,1,0,0,0,0,1,1,1,1,1,1,1,0,1,0,0,1,1,1,1,1,1,1,1,1,1,1,1,1,1,1,1,1,1,1,1,1,1,1,1,1,1,,
182,53,2,1,1,1,1,1,3,1,0,1,1,1,2,0,1,3,2,2,1,4,1,1,1,0,2,1,0,0,1,1,1,1,1,1,0,0,0,0,1,1,1,1,1,1,1,0,1,0,0,1,1,1,1,1,1,1,1,1,1,1,1,1,1,1,1,1,1,1,1,1,1,1,1,1,1,,
183,50,2,1,1,1,1,4,3,1,0,1,1,1,2,0,3,3,2,2,1,4,1,2,2,0,3,1,0,0,1,1,1,1,1,1,0,0,0,0,1,1,1,1,1,1,1,0,1,0,0,1,1,1,1,1,1,1,1,1,1,1,1,1,1,1,1,1,1,1,1,1,1,1,1,1,1,,
184,56,2,1,1,1,1,1,3,1,0,1,1,1,2,0,1,3,2,3,1,4,1,1,1,0,3,1,0,0,1,1,1,1,1,1,0,0,0,0,1,1,1,1,1,1,1,0,1,0,0,1,1,1,1,1,1,1,1,1,1,1,1,1,1,1,1,1,1,1,1,1,1,1,1,1,1,,
185,28,2,1,1,1,1,1,2,1,0,1,1,1,2,0,3,3,3,3,1,5,1,1,2,0,2,6,0,0,1,1,1,1,1,1,0,0,0,0,1,1,1,1,1,1,1,0,1,0,0,1,1,1,1,1,1,1,1,1,1,1,1,1,1,1,1,1,1,1,1,1,1,1,1,1,1,,
186,57,2,1,1,1,1,1,2,1,0,1,1,1,2,0,3,3,3,3,1,5,1,1,1,0,2,1,0,0,1,1,1,1,1,1,0,0,0,0,1,1,1,1,1,1,1,0,1,0,0,1,1,1,1,1,1,1,1,1,1,1,1,1,1,1,1,1,1,1,1,1,1,1,1,1,1,,
187,41,2,1,1,1,1,1,2,1,0,1,1,1,2,0,3,3,2,3,1,5,1,4,1,0,2,1,0,0,1,1,1,1,1,1,0,0,0,0,1,1,1,1,1,1,1,0,1,0,0,1,1,1,1,1,1,1,1,1,1,1,1,1,1,1,1,1,1,1,1,1,1,1,1,1,1,,
188,49,2,1,1,1,1,1,2,1,0,1,1,1,2,0,3,3,2,3,1,5,1,4,1,0,3,1,0,0,1,1,1,1,1,1,0,0,0,0,1,1,1,1,1,1,1,0,1,0,0,1,1,1,1,1,1,1,1,1,1,1,1,1,1,1,1,1,1,1,1,1,1,1,1,1,1,,
189,36,2,1,1,1,2,3,2,1,0,1,1,1,2,0,1,3,3,2,1,5,1,4,1,0,3,1,0,0,1,1,1,1,1,1,0,0,0,0,1,1,1,1,1,1,1,0,1,0,0,1,1,1,1,1,1,1,1,1,1,1,1,1,1,1,1,1,1,1,1,1,1,1,1,1,1,,
190,41,2,1,1,1,1,3,2,1,0,1,1,1,2,0,1,3,2,3,1,4,1,4,2,0,2,6,0,0,1,1,1,1,1,1,0,0,0,0,1,1,1,1,1,1,1,0,1,0,0,1,1,1,1,1,1,1,1,1,1,1,1,1,1,1,1,1,1,1,1,1,1,1,1,1,1,,
191,49,2,1,1,1,3,3,2,1,0,1,1,1,2,0,3,3,3,2,1,4,1,1,2,0,2,1,0,0,1,1,1,1,1,1,0,0,0,0,1,1,1,1,1,1,1,0,1,0,0,1,1,1,1,1,1,1,1,1,1,1,1,1,1,1,1,1,1,1,1,1,1,1,1,1,1,,
192,34,2,1,1,1,2,3,2,1,0,1,1,1,2,0,1,3,3,3,1,5,1,1,1,0,2,1,0,0,1,1,1,1,1,1,0,0,0,0,1,1,1,1,1,1,1,0,1,0,0,1,1,1,1,1,1,1,1,1,1,1,1,1,1,1,1,1,1,1,1,1,1,1,1,1,1,,
193,56,2,1,1,1,1,3,2,1,0,1,1,1,2,0,1,3,2,2,1,5,1,4,2,0,3,1,0,0,1,1,1,1,1,1,0,0,0,0,1,1,1,1,1,1,1,0,1,0,0,1,1,1,1,1,1,1,1,1,1,1,1,1,1,1,1,1,1,1,1,1,1,1,1,1,1,,
194,36,2,1,1,1,1,1,2,1,0,1,1,1,2,0,3,3,2,3,1,5,1,4,1,0,3,1,0,0,1,1,1,1,1,1,0,0,0,0,1,1,1,1,1,1,1,0,1,0,0,1,1,1,1,1,1,1,1,1,1,1,1,1,1,1,1,1,1,1,1,1,1,1,1,1,1,,
195,39,2,1,1,1,1,1,2,1,0,1,1,1,2,0,1,3,3,2,1,4,1,4,1,0,2,6,0,0,1,1,1,1,1,1,0,0,0,0,1,1,1,1,1,1,1,0,1,0,0,1,1,1,1,1,1,1,1,1,1,1,1,1,1,1,1,1,1,1,1,1,1,1,1,1,1,,
196,31,2,1,1,1,1,1,2,1,0,1,1,1,2,0,3,3,2,3,1,4,1,4,2,0,3,1,0,0,1,1,1,1,1,1,0,0,0,0,1,1,1,1,1,1,1,0,1,0,0,1,1,1,1,1,1,1,1,1,1,1,1,1,1,1,1,1,1,1,1,1,1,1,1,1,1,,
197,56,2,1,1,1,1,1,2,1,0,1,1,1,2,0,1,3,2,2,1,5,1,1,2,0,2,6,0,0,1,1,1,1,1,1,0,0,0,0,1,1,1,1,1,1,1,0,1,0,0,1,1,1,1,1,1,1,1,1,1,1,1,1,1,1,1,1,1,1,1,1,1,1,1,1,1,,
198,46,2,1,1,1,1,3,2,1,0,1,1,1,2,0,3,3,3,3,1,5,1,1,1,0,2,1,0,0,1,1,1,1,1,1,0,0,0,0,1,1,1,1,1,1,1,0,1,0,0,1,1,1,1,1,1,1,1,1,1,1,1,1,1,1,1,1,1,1,1,1,1,1,1,1,1,,
199,46,2,1,1,1,1,1,2,1,0,1,1,1,2,0,1,3,2,2,1,4,1,1,1,0,2,1,0,0,1,1,1,1,1,1,0,0,0,0,1,1,1,1,1,1,1,0,1,0,0,1,1,1,1,1,1,1,1,1,1,1,1,1,1,1,1,1,1,1,1,1,1,1,1,1,1,,
200,41,2,1,1,1,1,1,1,1,0,1,1,1,2,0,1,3,3,2,1,5,1,1,1,0,3,1,0,0,1,1,1,1,1,1,0,0,0,0,1,1,1,1,1,1,1,0,1,0,0,1,1,1,1,1,1,1,1,1,1,1,1,1,1,1,1,1,1,1,1,1,1,1,1,1,1,,
201,48,2,1,1,1,1,2,2,1,0,1,1,1,2,0,1,3,2,2,1,4,1,1,1,0,3,6,0,0,1,1,1,1,1,1,0,0,0,0,1,1,1,1,1,1,1,0,1,0,0,1,1,1,1,1,1,1,1,1,1,1,1,1,1,1,1,1,1,1,1,1,1,1,1,1,1,,
202,36,2,1,1,1,1,1,1,1,0,1,1,1,2,0,3,3,2,2,1,4,1,4,1,0,3,1,0,0,1,1,1,1,1,1,0,0,0,0,1,1,1,1,1,1,1,0,1,0,0,1,1,1,1,1,1,1,1,1,1,1,1,1,1,1,1,1,1,1,1,1,1,1,1,1,1,,
203,46,2,1,1,1,1,4,1,1,0,1,1,1,2,0,3,3,2,2,1,4,1,1,1,0,3,1,0,0,1,1,1,1,1,1,0,0,0,0,1,1,1,1,1,1,1,0,1,0,0,1,1,1,1,1,1,1,1,1,1,1,1,1,1,1,1,1,1,1,1,1,1,1,1,1,1,,
204,38,2,1,1,1,1,1,1,1,0,1,1,1,2,0,1,3,2,3,1,4,1,1,1,0,2,1,0,0,1,1,1,1,1,1,0,0,0,0,1,1,1,1,1,1,1,0,1,0,0,1,1,1,1,1,1,1,1,1,1,1,1,1,1,1,1,1,1,1,1,1,1,1,1,1,1,,
205,30,2,1,1,1,1,1,1,1,0,1,1,1,2,0,1,3,2,2,1,5,1,4,1,0,3,1,0,0,1,1,1,1,1,1,0,0,0,0,1,1,1,1,1,1,1,0,1,0,0,1,1,1,1,1,1,1,1,1,1,1,1,1,1,1,1,1,1,1,1,1,1,1,1,1,1,,
206,42,2,1,1,1,1,1,1,1,0,1,1,1,2,0,1,3,2,2,1,5,1,4,1,0,3,1,0,0,1,1,1,1,1,1,0,0,0,0,1,1,1,1,1,1,1,0,1,0,0,1,1,1,1,1,1,1,1,1,1,1,1,1,1,1,1,1,1,1,1,1,1,1,1,1,1,,
207,39,2,1,1,1,1,4,1,1,0,1,1,1,2,0,1,3,2,2,1,5,1,1,1,0,2,1,0,0,1,1,1,1,1,1,0,0,0,0,1,1,1,1,1,1,1,0,1,0,0,1,1,1,1,1,1,1,1,1,1,1,1,1,1,1,1,1,1,1,1,1,1,1,1,1,1,,
208,30,2,1,1,1,1,1,1,1,0,1,1,1,2,0,1,3,2,3,1,5,1,1,1,0,3,1,0,0,1,1,1,1,1,1,0,0,0,0,1,1,1,1,1,1,1,0,1,0,0,1,1,1,1,1,1,1,1,1,1,1,1,1,1,1,1,1,1,1,1,1,1,1,1,1,1,,
209,56,2,1,1,1,1,1,1,1,0,1,1,1,2,0,3,3,2,2,1,5,1,1,1,0,3,6,0,0,1,1,1,1,1,1,0,0,0,0,1,1,1,1,1,1,1,0,1,0,0,1,1,1,1,1,1,1,1,1,1,1,1,1,1,1,1,1,1,1,1,1,1,1,1,1,1,,
210,49,2,1,1,1,1,1,1,1,0,1,1,1,2,0,3,3,2,3,1,5,1,1,1,0,1,1,0,0,1,1,1,1,1,1,0,0,0,0,1,1,1,1,1,1,1,0,1,0,0,1,1,1,1,1,1,1,1,1,1,1,1,1,1,1,1,1,1,1,1,1,1,1,1,1,1,,
211,59,2,1,1,1,1,1,1,1,0,1,1,1,2,0,3,3,2,2,1,4,1,1,1,0,1,1,0,0,1,1,1,1,1,1,0,0,0,0,1,1,1,1,1,1,1,0,1,0,0,1,1,1,1,1,1,1,1,1,1,1,1,1,1,1,1,1,1,1,1,1,1,1,1,1,1,,
212,39,2,1,1,1,1,1,1,1,0,1,1,1,2,0,1,3,2,3,1,4,1,1,1,0,1,6,0,0,1,1,1,1,1,1,0,0,0,0,1,1,1,1,1,1,1,0,1,0,0,1,1,1,1,1,1,1,1,1,1,1,1,1,1,1,1,1,1,1,1,1,1,1,1,1,1,,
213,56,2,1,1,1,1,4,1,1,0,1,1,1,2,0,1,2,1,5,3,4,0,1,7,0,1,1,0,0,1,1,1,1,1,1,0,0,0,0,0,0,1,0,0,1,0,0,0,0,0,0,1,1,1,1,1,1,1,1,1,1,1,1,1,1,1,1,1,1,1,1,1,1,1,1,1,,
214,34,2,1,1,1,1,1,1,1,0,1,1,1,2,0,1,3,1,1,1,3,1,1,2,0,4,7,0,1,1,1,0,0,0,1,1,1,0,0,0,0,1,1,0,0,0,0,1,0,0,1,1,1,1,1,1,1,1,1,1,1,1,1,1,1,1,1,1,1,1,1,1,1,1,1,1,,
215,41,2,1,1,1,1,1,1,1,0,1,1,1,2,0,1,3,1,1,1,3,1,1,2,0,4,7,0,0,1,1,1,1,1,1,0,0,0,0,0,0,1,1,0,0,0,0,1,0,0,1,1,1,1,1,1,1,1,1,1,1,1,1,1,1,1,1,1,1,1,1,1,1,1,1,1,,
216,31,2,1,1,1,1,1,1,1,0,1,1,1,2,0,2,2,1,1,1,3,0,1,7,0,5,7,0,1,1,1,1,0,0,1,1,0,0,0,0,0,0,1,0,1,0,0,1,0,0,0,1,1,1,1,1,1,1,1,1,1,1,1,1,1,1,1,1,1,1,1,1,1,1,1,1,,
217,29,2,1,1,1,1,1,1,1,0,1,1,1,2,0,1,2,1,1,1,3,0,1,7,0,5,7,0,1,1,1,0,0,1,1,0,0,0,0,0,0,0,1,0,0,1,0,1,0,0,0,1,1,1,1,0,1,1,1,1,1,1,1,1,1,1,1,1,1,1,1,1,1,1,1,1,,
218,30,2,1,1,1,1,1,1,1,0,1,1,1,2,0,1,2,1,1,1,3,0,1,7,0,5,7,0,1,1,1,0,0,1,1,0,0,0,0,0,0,0,0,0,0,1,0,1,0,0,0,1,1,1,1,0,1,1,1,1,1,1,1,1,1,1,1,1,1,1,1,1,1,1,1,1,,
219,39,2,1,1,1,1,1,1,1,0,1,1,1,2,0,1,2,1,1,1,3,0,1,7,0,5,7,0,1,1,1,0,0,1,1,0,0,0,0,0,0,0,0,0,0,1,0,1,1,0,1,1,1,1,1,1,1,1,1,1,1,1,1,1,1,1,1,1,1,1,1,1,1,1,1,1,,
220,39,2,1,1,1,1,1,1,1,0,1,1,1,2,0,3,3,2,1,4,4,1,1,2,0,5,7,0,1,1,1,1,1,1,1,1,1,0,1,1,1,1,1,1,1,1,0,1,0,0,1,1,1,1,1,1,1,1,1,1,1,1,1,1,1,1,1,1,1,1,1,1,1,1,1,1,,
221,22,2,1,1,1,1,1,1,1,0,1,1,1,2,0,3,3,3,1,1,4,1,1,2,0,5,7,0,0,1,1,1,1,1,1,0,0,0,1,1,1,1,1,1,1,1,0,1,0,0,1,1,1,1,1,1,1,1,1,1,1,1,1,1,1,1,1,1,1,1,1,1,1,1,1,1,,
222,27,2,1,1,1,1,4,1,1,0,1,1,1,2,0,3,3,3,1,1,4,1,1,2,0,5,7,0,0,1,1,1,1,1,1,1,0,0,0,0,1,1,1,1,1,1,0,1,0,0,1,1,1,1,1,1,1,1,1,1,1,1,1,1,1,1,1,1,1,1,1,1,1,1,1,1,,
223,41,2,1,1,1,1,1,1,1,0,1,1,1,2,0,3,3,1,1,4,4,1,1,1,0,5,1,0,0,1,1,1,1,1,1,1,1,0,0,0,0,1,1,1,1,1,0,1,0,0,1,1,1,1,1,1,1,1,1,1,1,1,1,1,1,1,1,1,1,1,1,1,1,1,1,1,,
224,30,2,1,1,1,1,1,1,1,0,1,1,1,2,0,3,3,1,1,4,4,1,1,1,0,5,1,0,0,1,1,1,1,1,1,1,1,0,1,0,0,1,1,1,1,1,0,1,0,0,1,1,1,1,1,1,1,1,1,1,1,1,1,1,1,1,1,1,1,1,1,1,1,1,1,1,,
225,30,2,1,1,1,1,1,1,1,0,1,1,1,2,0,3,3,1,1,1,4,1,1,1,0,5,1,0,0,1,1,1,1,1,1,1,1,0,1,1,1,1,1,1,1,1,0,1,0,0,1,1,1,1,1,1,1,1,1,1,1,1,1,1,1,1,1,1,1,1,1,1,1,1,1,1,,
226,43,2,1,1,1,1,1,1,1,0,1,1,1,2,0,3,3,2,1,1,4,1,1,1,0,5,1,0,0,1,1,1,1,1,1,0,0,0,0,1,1,1,1,1,1,1,0,0,0,0,1,0,1,1,1,1,1,1,1,1,1,1,1,1,1,1,1,1,1,1,1,1,1,1,1,1,,
227,23,2,1,1,1,1,1,1,1,0,1,1,1,2,0,3,3,2,1,1,4,1,1,1,0,5,1,0,0,1,1,1,1,1,1,0,0,0,0,0,1,1,1,1,1,1,0,0,0,0,1,0,1,1,1,1,1,1,1,1,1,1,1,1,1,1,1,1,1,1,1,1,1,1,1,1,,
228,40,2,1,1,1,1,4,1,1,0,1,1,1,2,0,3,3,2,1,1,4,1,1,1,0,5,1,0,0,1,1,1,1,1,1,0,0,0,0,0,1,1,1,1,1,1,0,0,0,0,1,0,1,1,1,1,1,1,1,1,1,1,1,1,1,1,1,1,1,1,1,1,1,1,1,1,,
229,29,2,1,1,1,1,1,1,1,0,1,1,1,2,0,3,3,2,1,1,4,1,1,1,0,5,1,0,0,1,1,1,1,1,1,0,0,0,0,0,1,1,1,1,1,1,0,1,0,0,1,1,1,1,1,1,1,1,1,1,1,1,1,1,1,1,1,1,1,1,1,1,1,1,1,1,,
230,34,2,1,1,1,1,1,1,1,0,1,1,1,2,0,3,3,2,1,1,4,1,1,1,0,5,1,0,0,1,1,1,1,1,1,1,1,0,0,0,0,0,0,0,0,0,0,1,0,0,1,1,1,1,1,1,1,1,1,1,1,1,1,1,1,1,1,1,1,1,1,1,1,1,1,1,,
231,23,2,1,1,1,1,1,1,1,0,1,1,1,2,0,2,3,3,1,1,4,1,1,2,0,5,1,0,0,1,1,1,1,1,1,1,1,0,1,1,1,1,1,1,1,1,0,1,0,0,1,1,1,1,1,1,1,1,1,1,1,1,1,1,1,1,1,1,1,1,1,1,1,1,1,1,,
232,25,2,1,1,1,1,1,1,1,0,1,1,1,2,0,1,3,3,1,1,4,1,1,1,0,1,7,0,0,1,1,1,1,1,1,1,1,0,1,1,1,1,1,1,1,1,0,1,0,0,1,1,1,1,1,1,1,1,1,1,1,1,1,1,1,1,1,1,1,1,1,1,1,1,1,1,,
233,36,2,1,1,1,1,1,1,1,0,1,1,1,2,0,1,3,2,1,1,4,1,1,1,0,1,7,0,0,1,1,1,1,1,1,1,1,0,1,1,1,1,1,1,1,1,0,1,0,0,1,1,1,1,1,1,1,1,1,1,1,1,1,1,1,1,1,1,1,1,1,1,1,1,1,1,,
234,26,2,1,1,1,1,1,1,1,0,1,1,1,2,0,1,3,3,2,1,4,1,1,1,0,1,7,0,0,1,1,1,1,1,1,1,1,0,1,1,1,1,1,1,1,1,0,1,0,0,1,1,1,1,1,1,1,1,1,1,1,1,1,1,1,1,1,1,1,1,1,1,1,1,1,1,,
235,24,2,1,1,1,1,1,1,1,0,1,1,1,2,0,1,3,3,2,1,4,1,1,1,0,1,7,0,0,1,1,1,1,1,1,1,1,0,1,1,1,1,1,1,1,1,0,1,0,0,1,1,1,1,1,1,1,1,1,1,1,1,1,1,1,1,1,1,1,1,1,1,1,1,1,1,,
236,28,2,1,1,1,1,1,2,1,0,1,1,1,2,0,1,3,3,2,1,4,1,1,1,0,1,7,0,0,1,1,1,1,1,1,1,1,0,1,1,1,1,1,1,1,1,0,1,0,0,1,1,1,1,1,1,1,1,1,1,1,1,1,1,1,1,1,1,1,1,1,1,1,1,1,1,,
237,65,2,1,1,1,1,1,2,1,0,1,1,1,2,0,1,3,3,2,1,4,1,1,1,0,1,1,0,0,1,1,1,1,1,1,1,1,0,1,1,1,1,1,1,1,1,0,1,0,0,1,1,1,1,1,1,1,1,1,1,1,1,1,1,1,1,1,1,1,1,1,1,1,1,1,1,,
238,50,2,1,1,1,1,1,2,1,0,1,1,1,2,0,1,2,3,2,1,4,1,1,1,0,1,7,0,0,1,1,1,1,1,1,1,1,0,0,0,0,1,1,1,1,1,0,1,0,0,1,1,1,1,1,1,1,1,1,1,1,1,1,1,1,1,1,1,1,1,1,1,1,1,1,1,,
239,38,2,1,1,1,1,1,2,1,0,1,1,1,2,0,1,1,3,3,1,4,1,1,1,0,1,1,0,0,1,1,1,1,1,1,1,1,0,0,0,0,1,1,1,1,1,0,1,0,0,1,1,1,1,1,1,1,1,1,1,1,1,1,1,1,1,1,1,1,1,1,1,1,1,1,1,,
240,28,2,1,1,1,1,1,3,2,0,1,1,1,2,0,2,3,3,1,1,4,1,1,1,0,5,1,0,0,1,1,1,1,1,1,0,0,0,0,1,1,1,1,1,1,1,0,1,0,0,1,1,1,1,1,1,1,1,1,1,1,1,1,1,1,1,1,1,1,1,1,1,1,1,1,1,,
241,50,2,1,1,1,1,1,3,2,0,1,1,1,2,0,2,3,2,1,1,4,1,1,1,0,5,1,0,0,1,1,1,1,1,1,0,0,0,0,1,1,1,1,1,1,1,0,1,0,0,1,1,1,1,1,1,1,1,1,1,1,1,1,1,1,1,1,1,1,1,1,1,1,1,1,1,,
242,24,2,1,1,1,1,5,3,2,0,1,1,1,2,0,2,3,2,1,1,4,1,1,2,0,5,7,0,0,1,1,1,1,1,1,0,0,0,0,1,1,1,1,1,1,1,0,1,0,0,1,1,1,1,1,1,1,1,1,1,1,1,1,1,1,1,1,1,1,1,1,1,1,1,1,1,,
243,22,2,1,1,1,2,4,5,2,0,1,1,1,2,0,1,3,2,3,1,3,1,1,2,0,5,1,0,0,1,1,1,1,1,1,0,0,0,0,1,1,1,1,1,1,1,0,1,0,0,1,1,1,1,1,1,1,1,1,1,1,1,1,1,1,1,1,1,1,1,1,1,1,1,1,1,,
244,45,2,1,1,1,2,1,5,2,0,1,1,1,2,0,2,3,3,2,1,4,1,1,1,0,4,1,0,0,1,1,1,1,1,1,0,0,0,0,1,1,1,1,1,1,1,0,1,0,0,1,1,1,1,1,1,1,1,1,1,1,1,1,1,1,1,1,1,1,1,1,1,1,1,1,1,,
245,25,2,1,1,1,2,5,4,2,0,1,1,1,2,0,2,3,3,1,1,3,1,1,1,0,4,1,0,0,1,1,1,1,1,1,0,0,0,0,1,1,1,1,1,1,1,0,1,0,0,1,1,1,1,1,1,1,1,1,1,1,1,1,1,1,1,1,1,1,1,1,1,1,1,1,1,,
246,32,2,1,1,1,2,1,5,2,0,1,1,1,2,0,2,3,2,1,1,3,1,1,2,0,4,1,0,0,1,1,1,1,1,1,0,0,0,0,1,1,1,1,1,1,1,0,1,0,0,1,1,1,1,1,1,1,1,1,1,1,1,1,1,1,1,1,1,1,1,1,1,1,1,1,1,,
247,38,2,1,1,1,2,4,5,2,0,1,1,1,2,0,2,3,2,1,1,4,1,1,2,0,5,1,0,0,1,1,1,1,1,1,0,0,0,0,1,1,1,1,1,1,1,0,1,0,0,1,1,1,1,1,1,1,1,1,1,1,1,1,1,1,1,1,1,1,1,1,1,1,1,1,1,,
248,45,2,2,1,1,1,1,3,2,0,1,1,1,2,0,2,3,2,1,1,4,1,1,2,0,5,1,0,0,1,1,1,1,1,1,0,0,0,0,1,1,1,1,1,1,1,0,1,0,0,1,1,1,1,1,1,1,1,1,1,1,1,1,1,1,1,1,1,1,1,1,1,1,1,1,1,,
249,40,2,1,1,1,2,4,5,2,0,1,1,1,2,0,1,3,2,3,1,3,1,1,2,0,5,1,0,0,1,1,1,1,1,1,0,0,0,0,1,1,1,1,1,1,1,0,1,0,0,1,1,1,1,1,1,1,1,1,1,1,1,1,1,1,1,1,1,1,1,1,1,1,1,1,1,,
250,30,2,1,1,1,2,1,5,2,0,1,1,1,2,0,2,3,3,2,1,4,1,1,1,0,4,1,0,0,1,1,1,1,1,1,0,0,0,0,1,1,1,1,1,1,1,0,1,0,0,1,1,1,1,1,1,1,1,1,1,1,1,1,1,1,1,1,1,1,1,1,1,1,1,1,1,,
251,50,2,1,1,1,1,1,3,2,0,1,1,1,2,0,2,3,3,1,1,4,1,1,1,0,5,1,0,0,1,1,1,1,1,1,0,0,0,0,1,1,1,1,1,1,1,0,1,0,0,1,1,1,1,1,1,1,1,1,1,1,1,1,1,1,1,1,1,1,1,1,1,1,1,1,1,,
252,36,2,1,1,1,1,1,3,2,0,1,1,1,2,0,2,3,2,1,1,4,1,1,1,0,5,1,0,0,1,1,1,1,1,1,0,0,0,0,1,1,1,1,1,1,1,0,1,0,0,1,1,1,1,1,1,1,1,1,1,1,1,1,1,1,1,1,1,1,1,1,1,1,1,1,1,,
253,42,2,1,1,1,1,5,3,2,0,1,1,1,2,0,2,3,2,1,1,4,1,1,2,0,5,7,0,0,1,1,1,1,1,1,0,0,0,0,1,1,1,1,1,1,1,0,1,0,0,1,1,1,1,1,1,1,1,1,1,1,1,1,1,1,1,1,1,1,1,1,1,1,1,1,1,,
254,30,2,1,1,1,2,4,5,2,0,1,1,1,2,0,1,3,2,3,1,3,1,1,2,0,5,1,0,0,1,1,1,1,1,1,0,0,0,0,1,1,1,1,1,1,1,0,1,0,0,1,1,1,1,1,1,1,1,1,1,1,1,1,1,1,1,1,1,1,1,1,1,1,1,1,1,,
255,40,2,1,1,1,2,1,5,2,0,1,1,1,2,0,2,3,3,2,1,4,1,1,1,0,4,1,0,0,1,1,1,1,1,1,0,0,0,0,1,1,1,1,1,1,1,0,1,0,0,1,1,1,1,1,1,1,1,1,1,1,1,1,1,1,1,1,1,1,1,1,1,1,1,1,1,,
256,35,2,1,1,1,2,5,4,2,0,1,1,1,2,0,2,3,3,1,1,3,1,1,1,0,4,1,0,0,1,1,1,1,1,1,0,0,0,0,1,1,1,1,1,1,1,0,1,0,0,1,1,1,1,1,1,1,1,1,1,1,1,1,1,1,1,1,1,1,1,1,1,1,1,1,1,,
257,45,2,1,1,1,2,1,5,2,0,1,1,1,2,0,2,3,2,1,1,3,1,1,2,0,4,1,0,0,1,1,1,1,1,1,0,0,0,0,1,1,1,1,1,1,1,0,1,0,0,1,1,1,1,1,1,1,1,1,1,1,1,1,1,1,1,1,1,1,1,1,1,1,1,1,1,,
258,36,2,1,1,1,2,4,5,2,0,1,1,1,2,0,2,3,2,1,1,4,1,1,2,0,5,1,0,0,1,1,1,1,1,1,0,0,0,0,1,1,1,1,1,1,1,0,1,0,0,1,1,1,1,1,1,1,1,1,1,1,1,1,1,1,1,1,1,1,1,1,1,1,1,1,1,,
259,40,2,2,1,1,1,1,3,2,0,1,1,1,2,0,2,3,2,1,1,4,1,1,2,0,5,1,0,0,1,1,1,1,1,1,0,0,0,0,1,1,1,1,1,1,1,0,1,0,0,1,1,1,1,1,1,1,1,1,1,1,1,1,1,1,1,1,1,1,1,1,1,1,1,1,1,,
260,27,2,1,1,1,1,1,3,2,0,1,1,1,2,0,2,3,2,1,1,4,1,1,1,0,5,1,0,0,1,1,1,1,1,1,0,0,0,0,1,1,1,1,1,1,1,0,1,0,0,1,1,1,1,1,1,1,1,1,1,1,1,1,1,1,1,1,1,1,1,1,1,1,1,1,1,,
261,29,2,4,1,1,2,1,5,2,0,1,1,1,2,0,1,3,2,1,1,5,1,1,1,0,4,1,0,0,1,1,1,1,1,1,0,0,0,0,1,1,1,1,1,1,1,0,1,0,0,1,1,1,1,1,1,1,1,1,1,1,1,1,1,1,1,1,1,1,1,1,1,1,1,1,1,,
262,35,2,1,1,1,1,1,3,1,0,1,1,1,2,0,1,3,3,1,1,3,1,1,1,0,5,7,0,0,1,1,1,1,1,1,0,0,0,0,1,1,1,1,1,1,1,0,1,0,0,1,1,1,1,1,1,1,1,1,1,1,1,1,1,1,1,1,1,1,1,1,1,1,1,1,1,,
263,30,2,1,1,1,1,5,3,1,0,1,1,1,2,0,2,3,3,2,1,3,1,1,1,0,5,1,0,0,1,1,1,1,1,1,0,0,0,0,1,1,1,1,1,1,1,0,1,0,0,1,1,1,1,1,1,1,1,1,1,1,1,1,1,1,1,1,1,1,1,1,1,1,1,1,1,,
264,42,2,1,1,1,2,1,4,2,0,1,1,1,2,0,2,3,2,1,1,3,1,1,2,0,4,1,0,0,1,1,1,1,1,1,0,0,0,0,1,1,1,1,1,1,1,0,1,0,0,1,1,1,1,1,1,1,1,1,1,1,1,1,1,1,1,1,1,1,1,1,1,1,1,1,1,,
265,45,2,1,1,1,1,1,3,2,0,1,1,1,2,0,1,2,2,1,1,3,1,1,1,0,4,1,0,0,1,1,1,1,1,1,0,0,0,0,1,1,1,1,1,1,1,0,1,0,0,1,1,1,1,1,1,1,1,1,1,1,1,1,1,1,1,1,1,1,1,1,1,1,1,1,1,,
266,40,2,1,1,1,1,1,3,2,0,1,1,1,2,0,3,3,3,1,1,3,1,1,1,0,5,1,0,0,1,1,1,1,1,1,0,0,0,0,1,1,1,1,1,1,1,0,1,0,0,1,1,1,1,1,1,1,1,1,1,1,1,1,1,1,1,1,1,1,1,1,1,1,1,1,1,,
267,45,2,1,1,1,2,1,5,2,0,1,1,1,2,0,2,3,2,1,1,4,1,1,1,0,5,7,0,0,1,1,1,1,1,1,0,0,0,0,1,1,1,1,1,1,1,0,1,0,0,1,1,1,1,1,1,1,1,1,1,1,1,1,1,1,1,1,1,1,1,1,1,1,1,1,1,,
268,40,2,1,1,1,1,1,3,2,0,1,1,1,2,0,3,3,3,1,1,4,1,1,1,0,4,1,0,0,1,1,1,1,1,1,0,0,0,0,1,1,1,1,1,1,1,0,1,0,0,1,1,1,1,1,1,1,1,1,1,1,1,1,1,1,1,1,1,1,1,1,1,1,1,1,1,,
269,50,2,1,1,1,2,4,5,1,0,1,1,1,2,0,3,3,3,2,1,3,1,1,1,0,4,7,0,0,1,1,1,1,1,1,0,0,0,0,1,1,1,1,1,1,1,0,1,0,0,1,1,1,1,1,1,1,1,1,1,1,1,1,1,1,1,1,1,1,1,1,1,1,1,1,1,,
270,21,2,1,1,1,1,1,2,1,0,1,1,1,2,0,1,3,3,1,1,4,1,1,2,0,4,1,0,0,1,1,1,1,1,1,0,0,0,0,1,1,1,1,1,1,1,0,1,0,0,1,1,1,1,1,1,1,1,1,1,1,1,1,1,1,1,1,1,1,1,1,1,1,1,1,1,,
271,20,2,1,1,1,1,5,2,1,0,1,1,1,2,0,2,3,2,1,1,4,1,1,1,0,5,1,0,0,1,1,1,1,1,1,0,0,0,0,1,1,1,1,1,1,1,0,1,0,0,1,1,1,1,1,1,1,1,1,1,1,1,1,1,1,1,1,1,1,1,1,1,1,1,1,1,,
272,31,2,1,1,1,1,5,3,3,0,1,1,1,2,0,1,3,2,1,1,4,1,1,2,0,5,1,0,0,1,1,1,1,1,1,0,0,0,0,1,1,1,1,1,1,1,0,1,0,0,1,1,1,1,1,1,1,1,1,1,1,1,1,1,1,1,1,1,1,1,1,1,1,1,1,1,,
273,21,2,1,1,1,1,1,3,3,0,1,1,1,2,0,2,3,3,2,1,4,1,1,2,0,5,1,0,0,1,1,1,1,1,1,0,0,0,0,1,1,1,1,1,1,1,0,1,0,0,1,1,1,1,1,1,1,1,1,1,1,1,1,1,1,1,1,1,1,1,1,1,1,1,1,1,,
274,55,2,1,1,1,1,1,4,3,0,1,1,1,2,0,3,3,2,2,1,3,1,1,2,0,4,1,0,0,1,1,1,1,1,1,0,0,0,0,1,1,1,1,1,1,1,0,1,0,0,1,1,1,1,1,1,1,1,1,1,1,1,1,1,1,1,1,1,1,1,1,1,1,1,1,1,,
275,50,2,1,1,1,1,1,2,2,0,1,1,1,2,0,2,3,2,2,1,3,1,1,2,0,4,7,0,0,1,1,1,1,1,1,0,0,0,0,1,1,1,1,1,1,1,0,1,0,0,1,1,1,1,1,1,1,1,1,1,1,1,1,1,1,1,1,1,1,1,1,1,1,1,1,1,,
276,22,2,2,1,1,1,1,5,2,0,1,1,1,2,0,3,3,3,1,1,4,1,1,1,0,5,1,0,0,1,1,1,1,1,1,0,0,0,0,1,1,1,1,1,1,1,0,1,0,0,1,1,1,1,1,1,1,1,1,1,1,1,1,1,1,1,1,1,1,1,1,1,1,1,1,1,,
277,25,2,1,1,1,2,1,3,1,0,1,1,1,2,0,1,3,3,1,1,4,1,1,1,0,4,1,0,0,1,1,1,1,1,1,0,0,0,0,1,1,1,1,1,1,1,0,1,0,0,1,1,1,1,1,1,1,1,1,1,1,1,1,1,1,1,1,1,1,1,1,1,1,1,1,1,,
278,46,2,1,1,1,2,1,2,3,0,1,1,1,2,0,3,3,2,1,1,4,1,1,1,0,5,1,0,0,1,1,1,1,1,1,0,0,0,0,1,1,1,1,1,1,1,0,1,0,0,1,1,1,1,1,1,1,1,1,1,1,1,1,1,1,1,1,1,1,1,1,1,1,1,1,1,,
279,24,2,1,1,1,2,1,2,3,0,1,1,1,2,0,2,3,3,1,1,4,1,1,1,0,4,1,0,0,1,1,1,1,1,1,0,0,0,0,1,1,1,1,1,1,1,0,1,0,0,1,1,1,1,1,1,1,1,1,1,1,1,1,1,1,1,1,1,1,1,1,1,1,1,1,1,,
280,50,2,1,1,1,2,1,4,3,0,1,1,1,2,0,1,3,2,1,1,4,1,1,1,0,4,7,0,0,1,1,1,1,1,1,0,0,0,0,1,1,1,1,1,1,1,0,1,0,0,1,1,1,1,1,1,1,1,1,1,1,1,1,1,1,1,1,1,1,1,1,1,1,1,1,1,,
281,55,2,1,1,1,1,1,3,3,0,1,1,1,2,0,3,3,2,1,1,4,1,1,2,0,5,7,0,0,1,1,1,1,1,1,0,0,0,0,1,1,1,1,1,1,1,0,1,0,0,1,1,1,1,1,1,1,1,1,1,1,1,1,1,1,1,1,1,1,1,1,1,1,1,1,1,,
282,32,2,1,1,1,1,1,5,3,0,1,1,1,2,0,1,3,3,1,1,4,1,1,2,0,5,1,0,0,1,1,1,1,1,1,0,0,0,0,1,1,1,1,1,1,1,0,1,0,0,1,1,1,1,1,1,1,1,1,1,1,1,1,1,1,1,1,1,1,1,1,1,1,1,1,1,,
283,36,2,2,1,1,1,4,5,3,0,1,1,1,2,0,2,3,2,2,1,4,1,1,1,0,5,1,0,0,1,1,1,1,1,1,0,0,0,0,1,1,1,1,1,1,1,0,1,0,0,1,1,1,1,1,1,1,1,1,1,1,1,1,1,1,1,1,1,1,1,1,1,1,1,1,1,,
284,35,2,1,1,1,2,4,4,3,0,1,1,1,2,0,2,3,2,1,1,4,1,1,1,0,4,1,0,0,1,1,1,1,1,1,0,0,0,0,1,1,1,1,1,1,1,0,1,0,0,1,1,1,1,1,1,1,1,1,1,1,1,1,1,1,1,1,1,1,1,1,1,1,1,1,1,,
285,29,2,1,1,1,2,5,3,3,0,1,1,1,2,0,3,3,3,1,1,4,1,1,1,0,4,7,0,0,1,1,1,1,1,1,0,0,0,0,1,1,1,1,1,1,1,0,1,0,0,1,1,1,1,1,1,1,1,1,1,1,1,1,1,1,1,1,1,1,1,1,1,1,1,1,1,,
286,57,2,1,1,1,1,5,5,2,0,1,1,1,2,0,3,3,2,2,1,4,1,1,1,0,4,7,0,0,1,1,1,1,1,1,0,0,0,0,1,1,1,1,1,1,1,0,1,0,0,1,1,1,1,1,1,1,1,1,1,1,1,1,1,1,1,1,1,1,1,1,1,1,1,1,1,,
287,30,2,1,1,1,2,1,5,1,0,1,1,1,2,0,3,3,2,1,1,4,1,1,1,0,5,1,0,0,1,1,1,1,1,1,0,0,0,0,1,1,1,1,1,1,1,0,1,0,0,1,1,1,1,1,1,1,1,1,1,1,1,1,1,1,1,1,1,1,1,1,1,1,1,1,1,,
288,26,2,1,1,1,2,4,5,2,0,1,1,1,2,0,2,3,3,2,1,4,1,1,1,0,5,1,0,0,1,1,1,1,1,1,0,0,0,0,1,1,1,1,1,1,1,0,1,0,0,1,1,1,1,1,1,1,1,1,1,1,1,1,1,1,1,1,1,1,1,1,1,1,1,1,1,,
289,55,2,1,1,1,1,3,4,3,0,1,1,1,2,0,2,3,2,1,1,4,1,1,2,0,4,1,0,0,1,1,1,1,1,1,0,0,0,0,1,1,1,1,1,1,1,0,1,0,0,1,1,1,1,1,1,1,1,1,1,1,1,1,1,1,1,1,1,1,1,1,1,1,1,1,1,,
290,40,2,1,1,1,1,4,3,2,0,1,1,1,2,0,1,3,3,1,1,4,1,1,2,0,4,1,0,0,1,1,1,1,1,1,0,0,0,0,1,1,1,1,1,1,1,0,1,0,0,1,1,1,1,1,1,1,1,1,1,1,1,1,1,1,1,1,1,1,1,1,1,1,1,1,1,,
291,40,2,1,1,1,1,1,2,2,0,1,1,1,2,0,1,3,3,3,1,5,1,4,2,0,5,1,0,0,1,1,1,1,1,1,0,1,0,0,1,1,1,1,1,1,1,0,1,0,0,1,1,1,1,1,1,1,1,1,1,1,1,1,1,1,1,1,1,1,1,1,1,1,1,1,1,,
292,45,2,1,1,1,2,4,4,3,0,1,1,1,2,0,3,3,3,1,1,4,1,1,1,0,2,6,0,0,1,1,1,1,1,1,0,0,0,0,1,1,1,1,1,1,1,0,1,0,0,1,1,1,1,1,1,1,1,1,1,1,1,1,1,1,1,1,1,1,1,1,1,1,1,1,1,,
293,37,2,1,1,1,1,4,4,3,0,1,1,1,2,0,3,3,3,1,1,4,1,1,1,0,5,6,0,0,1,1,1,1,1,1,0,0,0,0,1,1,1,1,1,1,1,0,1,0,0,1,1,1,1,1,1,1,1,1,1,1,1,1,1,1,1,1,1,1,1,1,1,1,1,1,1,,
294,35,2,1,1,1,2,4,1,1,0,1,1,1,2,0,2,3,3,1,1,4,1,1,1,0,5,7,0,0,1,1,1,1,1,1,0,0,0,0,1,1,1,1,1,1,1,0,1,0,0,1,1,1,1,1,1,1,1,1,1,1,1,1,1,1,1,1,1,1,1,1,1,1,1,1,1,,
295,40,2,1,1,1,1,4,3,1,0,1,1,1,2,0,3,3,1,1,1,5,1,4,1,0,5,7,0,0,1,1,1,1,1,1,0,0,0,0,1,1,1,1,1,1,1,0,1,0,0,1,1,1,1,1,1,1,1,1,1,1,1,1,1,1,1,1,1,1,1,1,1,1,1,1,1,,
296,21,2,1,4,1,1,4,1,1,0,1,1,1,2,0,2,3,2,1,1,4,1,4,2,0,4,1,0,0,1,1,1,1,1,1,0,0,0,0,1,1,1,1,1,1,1,0,1,0,0,1,1,1,1,1,1,1,1,1,1,1,1,1,1,1,1,1,1,1,1,1,1,1,1,1,1,,
297,20,2,3,1,1,2,4,3,2,0,1,1,1,2,0,1,3,3,2,1,4,1,1,1,0,4,7,0,0,1,1,1,1,1,1,0,0,0,0,1,1,1,1,1,1,1,0,1,0,0,1,1,1,1,1,1,1,1,1,1,1,1,1,1,1,1,1,1,1,1,1,1,1,1,1,1,,
298,21,2,1,1,1,1,1,3,3,0,1,1,1,2,0,1,3,3,3,1,4,1,1,1,0,4,1,0,0,1,1,1,1,1,1,0,0,0,0,1,1,1,1,1,1,1,0,1,0,0,1,1,1,1,1,1,1,1,1,1,1,1,1,1,1,1,1,1,1,1,1,1,1,1,1,1,,
299,20,2,5,1,1,1,1,3,1,0,1,1,1,2,0,2,3,2,1,1,4,1,1,2,0,4,1,0,0,1,1,1,1,1,1,0,0,0,0,1,1,1,1,1,1,1,0,1,0,0,1,1,1,1,1,1,1,1,1,1,1,1,1,1,1,1,1,1,1,1,1,1,1,1,1,1,,
300,37,2,1,4,1,1,1,1,2,0,1,1,1,2,0,1,3,2,1,1,4,1,1,2,0,4,1,0,0,1,1,1,1,1,1,0,0,0,0,1,1,1,1,1,1,1,0,1,0,0,1,1,1,1,1,1,1,1,1,1,1,1,1,1,1,1,1,1,1,1,1,1,1,1,1,1,,
301,75,2,6,1,1,1,1,2,3,0,1,1,1,2,0,1,1,3,1,1,4,1,1,2,0,4,1,0,0,1,1,1,1,1,1,0,0,0,0,1,1,1,1,1,1,1,0,1,0,0,1,1,1,1,1,1,1,1,1,1,1,1,1,1,1,1,1,1,1,1,1,1,1,1,1,1,,
302,27,2,4,4,1,1,4,3,2,0,1,1,1,2,0,1,3,3,1,1,5,1,4,1,0,2,1,0,0,1,1,1,1,1,1,0,0,0,0,1,1,1,1,1,1,1,0,1,0,0,1,1,1,1,1,1,1,1,1,1,1,1,1,1,1,1,1,1,1,1,1,1,1,1,1,1,,
303,26,2,4,1,1,2,4,3,2,0,1,1,1,2,0,3,3,3,1,1,5,1,4,2,0,2,6,0,0,1,1,1,1,1,1,0,0,0,0,1,1,1,1,1,1,1,0,1,0,0,1,1,1,1,1,1,1,1,1,1,1,1,1,1,1,1,1,1,1,1,1,1,1,1,1,1,,
304,47,2,2,1,2,2,4,2,1,0,1,1,1,2,0,3,3,2,2,1,4,1,4,2,0,2,1,0,0,1,1,1,1,1,1,0,0,0,0,1,1,1,1,1,1,1,0,1,0,0,1,1,1,1,1,1,1,1,1,1,1,1,1,1,1,1,1,1,1,1,1,1,1,1,1,1,,
305,40,2,2,1,2,1,1,4,1,0,1,1,1,2,0,3,3,2,3,1,5,1,4,1,0,2,1,0,0,1,1,1,1,1,1,0,0,0,0,1,1,1,1,1,1,1,0,1,0,0,1,1,1,1,1,1,1,1,1,1,1,1,1,1,1,1,1,1,1,1,1,1,1,1,1,1,,
306,26,2,4,1,2,1,1,3,1,0,1,1,1,2,0,3,3,3,1,1,4,1,1,1,0,2,6,0,0,1,1,1,1,1,1,0,0,0,0,1,1,1,1,1,1,1,0,1,0,0,1,1,1,1,1,1,1,1,1,1,1,1,1,1,1,1,1,1,1,1,1,1,1,1,1,1,,
307,27,2,2,1,1,1,4,3,1,0,1,1,1,2,0,3,3,3,1,1,5,1,1,1,0,2,1,0,0,1,1,1,1,1,1,0,0,0,0,1,1,1,1,1,1,1,0,1,0,0,1,1,1,1,1,1,1,1,1,1,1,1,1,1,1,1,1,1,1,1,1,1,1,1,1,1,,
308,28,2,1,1,1,2,1,1,1,0,1,1,1,2,0,1,3,2,1,1,4,1,4,1,0,2,6,0,0,1,1,1,1,1,1,0,0,0,0,1,1,1,1,1,1,1,0,1,0,0,1,1,1,1,1,1,1,1,1,1,1,1,1,1,1,1,1,1,1,1,1,1,1,1,1,1,,
309,24,1,4,1,1,1,4,2,1,0,1,1,1,2,0,3,3,3,2,1,5,1,4,1,0,3,6,0,0,1,1,1,1,1,1,0,0,0,0,1,1,1,1,1,1,1,0,1,0,0,1,1,1,1,1,1,1,1,1,1,1,1,1,1,1,1,1,1,1,1,1,1,1,1,1,1,,
310,38,1,3,1,1,1,3,3,1,0,1,1,1,2,0,1,3,2,2,1,4,1,1,1,0,2,1,0,0,1,1,1,1,1,1,0,0,0,0,1,1,1,1,1,1,1,0,1,0,0,1,1,1,1,1,1,1,1,1,1,1,1,1,1,1,1,1,1,1,1,1,1,1,1,1,1,,
311,50,2,1,1,1,1,5,4,1,0,1,1,1,2,0,1,3,3,2,1,5,1,1,1,0,2,1,0,0,1,1,1,1,1,1,0,0,0,0,1,1,1,1,1,1,1,0,1,0,0,1,1,1,1,1,1,1,1,1,1,1,1,1,1,1,1,1,1,1,1,1,1,1,1,1,1,,
312,30,2,1,1,1,1,1,4,1,0,1,1,1,2,0,3,3,3,3,1,4,1,1,1,0,2,1,0,0,1,1,1,1,1,1,0,0,0,0,1,1,1,1,1,1,1,0,1,0,0,1,1,1,1,1,1,1,1,1,1,1,1,1,1,1,1,1,1,1,1,1,1,1,1,1,1,,
313,56,2,1,1,2,1,4,4,1,0,1,1,1,2,0,1,3,2,2,1,4,1,1,2,0,2,1,0,0,1,1,1,1,1,1,0,0,0,0,1,1,1,1,1,1,1,0,1,0,0,1,1,1,1,1,1,1,1,1,1,1,1,1,1,1,1,1,1,1,1,1,1,1,1,1,1,,
314,30,2,5,4,2,1,2,4,1,0,1,1,1,2,0,3,3,2,2,1,4,1,1,1,0,2,1,0,0,1,1,1,1,1,1,0,0,0,0,1,1,1,1,1,1,1,0,1,0,0,1,1,1,1,1,1,1,1,1,1,1,1,1,1,1,1,1,1,1,1,1,1,1,1,1,1,,
315,45,2,5,1,1,1,3,1,1,0,1,1,1,2,0,1,3,2,2,1,4,1,1,1,0,2,1,0,0,1,1,1,1,1,1,0,0,0,0,1,1,1,1,1,1,1,0,1,0,0,1,1,1,1,1,1,1,1,1,1,1,1,1,1,1,1,1,1,1,1,1,1,1,1,1,1,,
316,24,2,2,1,1,1,3,4,1,0,1,1,1,2,0,3,3,2,2,1,4,1,2,2,0,3,1,0,0,1,1,1,1,1,1,0,0,0,0,1,1,1,1,1,1,1,0,1,0,0,1,1,1,1,1,1,1,1,1,1,1,1,1,1,1,1,1,1,1,1,1,1,1,1,1,1,,
317,33,2,1,1,1,1,4,4,1,0,1,1,1,2,0,1,3,2,3,1,4,1,1,1,0,3,1,0,0,1,1,1,1,1,1,0,0,0,0,1,1,1,1,1,1,1,0,1,0,0,1,1,1,1,1,1,1,1,1,1,1,1,1,1,1,1,1,1,1,1,1,1,1,1,1,1,,
318,32,2,1,1,1,1,5,1,1,0,1,1,1,2,0,3,3,3,3,1,5,1,1,2,0,2,6,0,0,1,1,1,1,1,1,0,0,0,0,1,1,1,1,1,1,1,0,1,0,0,1,1,1,1,1,1,1,1,1,1,1,1,1,1,1,1,1,1,1,1,1,1,1,1,1,1,,
319,32,2,5,1,1,1,2,2,1,0,1,1,1,2,0,3,3,3,3,1,5,1,1,1,0,2,1,0,0,1,1,1,1,1,1,0,0,0,0,1,1,1,1,1,1,1,0,1,0,0,1,1,1,1,1,1,1,1,1,1,1,1,1,1,1,1,1,1,1,1,1,1,1,1,1,1,,
320,25,2,1,1,1,1,1,1,1,0,1,1,1,2,0,3,3,2,3,1,5,1,4,1,0,2,1,0,0,1,1,1,1,1,1,0,0,0,0,1,1,1,1,1,1,1,0,1,0,0,1,1,1,1,1,1,1,1,1,1,1,1,1,1,1,1,1,1,1,1,1,1,1,1,1,1,,
321,36,2,2,3,1,2,3,4,1,0,1,1,1,2,0,3,3,2,3,1,5,1,4,1,0,3,1,0,0,1,1,1,1,1,1,0,0,0,0,1,1,1,1,1,1,1,0,1,0,0,1,1,1,1,1,1,1,1,1,1,1,1,1,1,1,1,1,1,1,1,1,1,1,1,1,1,,
322,55,2,2,1,2,1,5,4,1,0,1,1,1,2,0,1,3,3,2,1,5,1,4,1,0,3,1,0,0,1,1,1,1,1,1,0,0,0,0,1,1,1,1,1,1,1,0,1,0,0,1,1,1,1,1,1,1,1,1,1,1,1,1,1,1,1,1,1,1,1,1,1,1,1,1,1,,
323,22,2,1,1,2,1,3,4,1,0,1,1,1,2,0,1,3,2,3,1,4,1,4,2,0,2,6,0,0,1,1,1,1,1,1,0,0,0,0,1,1,1,1,1,1,1,0,1,0,0,1,1,1,1,1,1,1,1,1,1,1,1,1,1,1,1,1,1,1,1,1,1,1,1,1,1,,
324,27,2,2,1,1,2,1,1,1,0,1,1,1,2,0,3,3,3,2,1,4,1,1,2,0,2,1,0,0,1,1,1,1,1,1,0,0,0,0,1,1,1,1,1,1,1,0,1,0,0,1,1,1,1,1,1,1,1,1,1,1,1,1,1,1,1,1,1,1,1,1,1,1,1,1,1,,
325,27,2,1,4,1,2,3,1,3,0,1,1,1,2,0,1,3,3,3,1,5,1,1,1,0,2,1,0,0,1,1,1,1,1,1,0,0,0,0,1,1,1,1,1,1,1,0,1,0,0,1,1,1,1,1,1,1,1,1,1,1,1,1,1,1,1,1,1,1,1,1,1,1,1,1,1,,
326,55,2,1,1,1,1,3,1,1,0,1,1,1,2,0,1,3,2,2,1,5,1,4,2,0,3,1,0,0,1,1,1,1,1,1,0,0,0,0,1,1,1,1,1,1,1,0,1,0,0,1,1,1,1,1,1,1,1,1,1,1,1,1,1,1,1,1,1,1,1,1,1,1,1,1,1,,
327,70,2,1,1,1,1,2,1,1,0,1,1,1,2,0,3,3,2,3,1,5,1,4,1,0,3,1,0,0,1,1,1,1,1,1,0,0,0,0,1,1,1,1,1,1,1,0,1,0,0,1,1,1,1,1,1,1,1,1,1,1,1,1,1,1,1,1,1,1,1,1,1,1,1,1,1,,
328,38,2,1,1,1,1,3,1,1,0,1,1,1,2,0,1,3,3,2,1,4,1,4,1,0,2,6,0,0,1,1,1,1,1,1,0,0,0,0,1,1,1,1,1,1,1,0,1,0,0,1,1,1,1,1,1,1,1,1,1,1,1,1,1,1,1,1,1,1,1,1,1,1,1,1,1,,
329,52,2,1,1,2,1,4,1,1,0,1,1,1,2,0,3,3,2,3,1,4,1,4,2,0,3,1,0,0,1,1,1,1,1,1,0,0,0,0,1,1,1,1,1,1,1,0,1,0,0,1,1,1,1,1,1,1,1,1,1,1,1,1,1,1,1,1,1,1,1,1,1,1,1,1,1,,
330,50,2,1,4,1,1,4,1,2,0,1,1,1,2,0,1,3,2,2,1,5,1,1,,0,2,6,0,0,1,1,1,1,1,1,0,0,0,0,1,1,1,1,1,1,1,0,1,0,0,1,1,1,1,1,1,1,1,1,1,1,1,1,1,1,1,1,1,1,1,1,1,1,1,1,1,,
331,60,2,1,4,1,2,5,1,1,0,1,1,1,2,0,3,3,3,3,1,5,1,1,1,0,2,1,0,0,1,1,1,1,1,1,0,0,0,0,1,1,1,1,1,1,1,0,1,0,0,1,1,1,1,1,1,1,1,1,1,1,1,1,1,1,1,1,1,1,1,1,1,1,1,1,1,,
332,36,2,1,1,1,2,3,1,1,0,1,1,1,2,0,1,3,2,2,1,4,1,1,1,0,2,1,0,0,1,1,1,1,1,1,0,0,0,0,1,1,1,1,1,1,1,0,1,0,0,1,1,1,1,1,1,1,1,1,1,1,1,1,1,1,1,1,1,1,1,1,1,1,1,1,1,,
333,24,2,1,1,2,2,2,1,1,0,1,1,1,2,0,1,3,3,2,1,5,1,1,1,0,3,1,0,0,1,1,1,1,1,1,0,0,0,0,1,1,1,1,1,1,1,0,1,0,0,1,1,1,1,1,1,1,1,1,1,1,1,1,1,1,1,1,1,1,1,1,1,1,1,1,1,,
334,35,2,1,1,2,1,3,1,1,0,1,1,1,2,0,1,3,2,2,1,4,1,1,1,0,3,6,0,0,1,1,1,1,1,1,0,0,0,0,1,1,1,1,1,1,1,0,1,0,0,1,1,1,1,1,1,1,1,1,1,1,1,1,1,1,1,1,1,1,1,1,1,1,1,1,1,,
335,40,2,1,1,1,1,4,1,1,0,1,1,1,2,0,3,3,2,2,1,4,1,4,1,0,3,1,0,0,1,1,1,1,1,1,0,0,0,0,1,1,1,1,1,1,1,0,1,0,0,1,1,1,1,1,1,1,1,1,1,1,1,1,1,1,1,1,1,1,1,1,1,1,1,1,1,,
336,20,2,1,1,1,1,1,3,2,0,1,1,1,2,0,2,3,3,1,1,4,1,1,1,0,5,1,0,0,1,1,1,1,1,1,0,0,0,0,1,1,1,1,1,1,1,0,1,0,0,1,1,1,1,1,1,1,1,1,1,1,1,1,1,1,1,1,1,1,1,1,1,1,1,1,1,,
337,23,2,1,1,1,1,1,3,2,0,1,1,1,2,0,2,3,2,1,1,4,1,1,1,0,5,1,0,0,1,1,1,1,1,1,0,0,0,0,1,1,1,1,1,1,1,0,1,0,0,1,1,1,1,1,1,1,1,1,1,1,1,1,1,1,1,1,1,1,1,1,1,1,1,1,1,,
338,26,2,1,1,1,1,5,3,2,0,1,1,1,2,0,2,3,2,1,1,4,1,1,2,0,5,7,0,0,1,1,1,1,1,1,0,0,0,0,1,1,1,1,1,1,1,0,1,0,0,1,1,1,1,1,1,1,1,1,1,1,1,1,1,1,1,1,1,1,1,1,1,1,1,1,1,,
339,55,2,1,1,1,2,4,5,2,0,1,1,1,2,0,1,3,2,3,1,3,1,1,2,0,5,1,0,0,1,1,1,1,1,1,0,0,0,0,1,1,1,1,1,1,1,0,1,0,0,1,1,1,1,1,1,1,1,1,1,1,1,1,1,1,1,1,1,1,1,1,1,1,1,1,1,,
340,22,2,1,1,1,2,1,5,2,0,1,1,1,2,0,2,3,3,2,1,4,1,1,1,0,4,1,0,0,1,1,1,1,1,1,0,0,0,0,1,1,1,1,1,1,1,0,1,0,0,1,1,1,1,1,1,1,1,1,1,1,1,1,1,1,1,1,1,1,1,1,1,1,1,1,1,,
341,75,2,1,1,1,2,5,4,2,0,1,1,1,2,0,2,3,3,1,1,3,1,1,1,0,4,1,0,0,1,1,1,1,1,1,0,0,0,0,1,1,1,1,1,1,1,0,1,0,0,1,1,1,1,1,1,1,1,1,1,1,1,1,1,1,1,1,1,1,1,1,1,1,1,1,1,,
342,36,2,1,1,1,2,1,5,2,0,1,1,1,2,0,2,3,2,1,1,3,1,1,2,0,4,1,0,0,1,1,1,1,1,1,0,0,0,0,1,1,1,1,1,1,1,0,1,0,0,1,1,1,1,1,1,1,1,1,1,1,1,1,1,1,1,1,1,1,1,1,1,1,1,1,1,,
343,35,2,1,1,1,2,4,5,2,0,1,1,1,2,0,2,3,2,1,1,4,1,1,2,0,5,1,0,0,1,1,1,1,1,1,0,0,0,0,1,1,1,1,1,1,1,0,1,0,0,1,1,1,1,1,1,1,1,1,1,1,1,1,1,1,1,1,1,1,1,1,1,1,1,1,1,,
344,50,2,2,1,1,1,1,3,2,0,1,1,1,2,0,2,3,2,1,1,4,1,1,2,0,5,1,0,0,1,1,1,1,1,1,0,0,0,0,1,1,1,1,1,1,1,0,1,0,0,1,1,1,1,1,1,1,1,1,1,1,1,1,1,1,1,1,1,1,1,1,1,1,1,1,1,,
345,35,2,1,1,1,1,1,3,2,0,1,1,1,2,0,2,3,2,1,1,4,1,1,1,0,5,1,0,0,1,1,1,1,1,1,0,0,0,0,1,1,1,1,1,1,1,0,1,0,0,1,1,1,1,1,1,1,1,1,1,1,1,1,1,1,1,1,1,1,1,1,1,1,1,1,1,,
346,45,2,4,1,1,2,1,5,2,0,1,1,1,2,0,1,3,2,1,1,5,1,1,1,0,4,1,0,0,1,1,1,1,1,1,0,0,0,0,1,1,1,1,1,1,1,0,1,0,0,1,1,1,1,1,1,1,1,1,1,1,1,1,1,1,1,1,1,1,1,1,1,1,1,1,1,,
347,20,2,1,1,1,1,1,3,1,0,1,1,1,2,0,1,3,3,1,1,3,1,1,1,0,5,7,0,0,1,1,1,1,1,1,0,0,0,0,1,1,1,1,1,1,1,0,1,0,0,1,1,1,1,1,1,1,1,1,1,1,1,1,1,1,1,1,1,1,1,1,1,1,1,1,1,,
348,55,2,1,1,1,1,5,3,1,0,1,1,1,2,0,2,3,3,2,1,3,1,1,1,0,5,1,0,0,1,1,1,1,1,1,0,0,0,0,1,1,1,1,1,1,1,0,1,0,0,1,1,1,1,1,1,1,1,1,1,1,1,1,1,1,1,1,1,1,1,1,1,1,1,1,1,,
349,28,2,1,1,1,2,1,4,2,0,1,1,1,2,0,2,3,2,1,1,3,1,1,2,0,4,1,0,0,1,1,1,1,1,1,0,0,0,0,1,1,1,1,1,1,1,0,1,0,0,1,1,1,1,1,1,1,1,1,1,1,1,1,1,1,1,1,1,1,1,1,1,1,1,1,1,,
350,38,2,1,1,1,1,1,3,2,0,1,1,1,2,0,1,2,2,1,1,3,1,1,1,0,4,1,0,0,1,1,1,1,1,1,0,0,0,0,1,1,1,1,1,1,1,0,1,0,0,1,1,1,1,1,1,1,1,1,1,1,1,1,1,1,1,1,1,1,1,1,1,1,1,1,1,,
351,35,2,1,1,1,1,1,3,2,0,1,1,1,2,0,1,2,2,1,1,3,1,1,1,0,4,1,0,0,1,1,1,1,1,1,0,0,0,0,1,1,1,1,1,1,1,0,1,0,0,1,1,1,1,1,1,1,1,1,1,1,1,1,1,1,1,1,1,1,1,1,1,1,1,1,1,,
352,38,1,1,2,1,1,1,3,3,0,1,1,1,2,0,1,2,3,2,3,3,1,1,2,0,4,1,0,0,1,1,1,1,1,1,0,0,0,0,1,1,1,1,1,1,1,0,1,0,0,1,1,1,1,1,1,1,1,1,1,1,1,1,1,1,1,1,1,1,1,1,1,1,1,1,1,,
353,49,2,1,1,1,1,1,3,2,0,1,1,1,2,0,2,3,3,1,1,4,1,1,1,0,5,1,0,0,1,1,1,1,1,1,0,0,0,0,1,1,1,1,1,1,1,0,1,0,0,1,1,1,1,1,1,1,1,1,1,1,1,1,1,1,1,1,1,1,1,1,1,1,1,1,1,,
354,39,2,1,1,1,1,1,3,2,0,1,1,1,2,0,2,3,2,1,1,4,1,1,1,0,5,1,0,0,1,1,1,1,1,1,0,0,0,0,1,1,1,1,1,1,1,0,1,0,0,1,1,1,1,1,1,1,1,1,1,1,1,1,1,1,1,1,1,1,1,1,1,1,1,1,1,,
355,20,2,1,1,1,1,5,3,2,0,1,1,1,2,0,2,3,2,1,1,4,1,1,2,0,5,7,0,0,1,1,1,1,1,1,0,0,0,0,1,1,1,1,1,1,1,0,1,0,0,1,1,1,1,1,1,1,1,1,1,1,1,1,1,1,1,1,1,1,1,1,1,1,1,1,1,,
356,39,2,1,1,1,2,4,5,2,0,1,1,1,2,0,1,3,2,3,1,3,1,1,2,0,5,1,0,0,1,1,1,1,1,1,0,0,0,0,1,1,1,1,1,1,1,0,1,0,0,1,1,1,1,1,1,1,1,1,1,1,1,1,1,1,1,1,1,1,1,1,1,1,1,1,1,,
357,23,2,1,1,1,2,1,5,2,0,1,1,1,2,0,2,3,3,2,1,4,1,1,1,0,4,1,0,0,1,1,1,1,1,1,0,0,0,0,1,1,1,1,1,1,1,0,1,0,0,1,1,1,1,1,1,1,1,1,1,1,1,1,1,1,1,1,1,1,1,1,1,1,1,1,1,,
358,20,2,1,1,1,2,5,4,2,0,1,1,1,2,0,2,3,3,1,1,3,1,1,1,0,4,1,0,0,1,1,1,1,1,1,0,0,0,0,1,1,1,1,1,1,1,0,1,0,0,1,1,1,1,1,1,1,1,1,1,1,1,1,1,1,1,1,1,1,1,1,1,1,1,1,1,,
359,55,2,1,1,1,2,1,5,2,0,1,1,1,2,0,2,3,2,1,1,3,1,1,2,0,4,1,0,0,1,1,1,1,1,1,0,0,0,0,1,1,1,1,1,1,1,0,1,0,0,1,1,1,1,1,1,1,1,1,1,1,1,1,1,1,1,1,1,1,1,1,1,1,1,1,1,,
360,27,2,1,1,1,2,4,5,2,0,1,1,1,2,0,2,3,2,1,1,4,1,1,2,0,5,1,0,0,1,1,1,1,1,1,0,0,0,0,1,1,1,1,1,1,1,0,1,0,0,1,1,1,1,1,1,1,1,1,1,1,1,1,1,1,1,1,1,1,1,1,1,1,1,1,1,,
361,35,2,2,1,1,1,1,3,2,0,1,1,1,2,0,2,3,2,1,1,4,1,1,2,0,5,1,0,0,1,1,1,1,1,1,0,0,0,0,1,1,1,1,1,1,1,0,1,0,0,1,1,1,1,1,1,1,1,1,1,1,1,1,1,1,1,1,1,1,1,1,1,1,1,1,1,,
362,18,2,1,1,1,1,1,3,2,0,1,1,1,2,0,2,3,2,1,1,4,1,1,1,0,5,1,0,0,1,1,1,1,1,1,0,0,0,0,1,1,1,1,1,1,1,0,1,0,0,1,1,1,1,1,1,1,1,1,1,1,1,1,1,1,1,1,1,1,1,1,1,1,1,1,1,,
363,38,2,4,1,1,2,1,5,2,0,1,1,1,2,0,1,3,2,1,1,5,1,1,1,0,4,1,0,0,1,1,1,1,1,1,0,0,0,0,1,1,1,1,1,1,1,0,1,0,0,1,1,1,1,1,1,1,1,1,1,1,1,1,1,1,1,1,1,1,1,1,1,1,1,1,1,,
364,38,2,1,1,1,1,1,3,1,0,1,1,1,2,0,1,3,3,1,1,3,1,1,1,0,5,7,0,0,1,1,1,1,1,1,0,0,0,0,1,1,1,1,1,1,1,0,1,0,0,1,1,1,1,1,1,1,1,1,1,1,1,1,1,1,1,1,1,1,1,1,1,1,1,1,1,,
365,52,2,1,1,1,1,5,3,1,0,1,1,1,2,0,2,3,3,2,1,3,1,1,1,0,5,1,0,0,1,1,1,1,1,1,0,0,0,0,1,1,1,1,1,1,1,0,1,0,0,1,1,1,1,1,1,1,1,1,1,1,1,1,1,1,1,1,1,1,1,1,1,1,1,1,1,,
366,31,2,1,1,1,2,1,4,2,0,1,1,1,2,0,2,3,2,1,1,3,1,1,2,0,4,1,0,0,1,1,1,1,1,1,0,0,0,0,1,1,1,1,1,1,1,0,1,0,0,1,1,1,1,1,1,1,1,1,1,1,1,1,1,1,1,1,1,1,1,1,1,1,1,1,1,,
367,39,2,1,1,1,1,1,3,2,0,1,1,1,2,0,1,2,2,1,1,3,1,1,1,0,4,1,0,0,1,1,1,1,1,1,0,0,0,0,1,1,1,1,1,1,1,0,1,0,0,1,1,1,1,1,1,1,1,1,1,1,1,1,1,1,1,1,1,1,1,1,1,1,1,1,1,,
368,21,2,1,1,1,1,1,3,2,0,1,1,1,2,0,3,3,3,1,1,3,1,1,1,0,5,1,0,0,1,1,1,1,1,1,0,0,0,0,1,1,1,1,1,1,1,0,1,0,0,1,1,1,1,1,1,1,1,1,1,1,1,1,1,1,1,1,1,1,1,1,1,1,1,1,1,,
369,45,2,1,1,1,2,1,5,2,0,1,1,1,2,0,2,3,2,1,1,4,1,1,1,0,5,7,0,0,1,1,1,1,1,1,0,0,0,0,1,1,1,1,1,1,1,0,1,0,0,1,1,1,1,1,1,1,1,1,1,1,1,1,1,1,1,1,1,1,1,1,1,1,1,1,1,,
370,25,2,1,1,1,1,1,3,2,0,1,1,1,2,0,3,3,3,1,1,4,1,1,1,0,4,1,0,0,1,1,1,1,1,1,0,0,0,0,1,1,1,1,1,1,1,0,1,0,0,1,1,1,1,1,1,1,1,1,1,1,1,1,1,1,1,1,1,1,1,1,1,1,1,1,1,,
371,43,2,1,1,1,2,4,5,1,0,1,1,1,2,0,3,3,3,2,1,3,1,1,1,0,4,7,0,0,1,1,1,1,1,1,0,0,0,0,1,1,1,1,1,1,1,0,1,0,0,1,1,1,1,1,1,1,1,1,1,1,1,1,1,1,1,1,1,1,1,1,1,1,1,1,1,,
372,56,2,1,1,1,1,1,2,1,0,1,1,1,2,0,1,3,3,1,1,4,1,1,2,0,4,1,0,0,1,1,1,1,1,1,0,0,0,0,1,1,1,1,1,1,1,0,1,0,0,1,1,1,1,1,1,1,1,1,1,1,1,1,1,1,1,1,1,1,1,1,1,1,1,1,1,,
373,33,2,1,1,1,1,5,2,1,0,1,1,1,2,0,2,3,2,1,1,4,1,1,1,0,5,1,0,0,1,1,1,1,1,1,0,0,0,0,1,1,1,1,1,1,1,0,1,0,0,1,1,1,1,1,1,1,1,1,1,1,1,1,1,1,1,1,1,1,1,1,1,1,1,1,1,,
374,40,2,1,1,1,1,5,3,3,0,1,1,1,2,0,1,3,2,1,1,4,1,1,2,0,5,1,0,0,1,1,1,1,1,1,0,0,0,0,1,1,1,1,1,1,1,0,1,0,0,1,1,1,1,1,1,1,1,1,1,1,1,1,1,1,1,1,1,1,1,1,1,1,1,1,1,,
375,48,2,1,1,1,1,1,3,3,0,1,1,1,2,0,2,3,3,2,1,4,1,1,2,0,5,1,0,0,1,1,1,1,1,1,0,0,0,0,1,1,1,1,1,1,1,0,1,0,0,1,1,1,1,1,1,1,1,1,1,1,1,1,1,1,1,1,1,1,1,1,1,1,1,1,1,,
376,30,2,1,1,1,1,1,4,3,0,1,1,1,2,0,3,3,2,2,1,3,1,1,2,0,4,1,0,0,1,1,1,1,1,1,0,0,0,0,1,1,1,1,1,1,1,0,1,0,0,1,1,1,1,1,1,1,1,1,1,1,1,1,1,1,1,1,1,1,1,1,1,1,1,1,1,,
377,40,2,1,1,1,1,1,2,2,0,1,1,1,2,0,2,3,2,2,1,3,1,1,2,0,4,7,0,0,1,1,1,1,1,1,0,0,0,0,1,1,1,1,1,1,1,0,1,0,0,1,1,1,1,1,1,1,1,1,1,1,1,1,1,1,1,1,1,1,1,1,1,1,1,1,1,,
378,32,2,2,1,1,1,1,5,2,0,1,1,1,2,0,3,3,3,1,1,4,1,1,1,0,5,1,0,0,1,1,1,1,1,1,0,0,0,0,1,1,1,1,1,1,1,0,1,0,0,1,1,1,1,1,1,1,1,1,1,1,1,1,1,1,1,1,1,1,1,1,1,1,1,1,1,,
379,38,2,1,1,1,2,1,3,1,0,1,1,1,2,0,1,3,3,1,1,4,1,1,1,0,4,1,0,0,1,1,1,1,1,1,0,0,0,0,1,1,1,1,1,1,1,0,1,0,0,1,1,1,1,1,1,1,1,1,1,1,1,1,1,1,1,1,1,1,1,1,1,1,1,1,1,,
380,28,2,1,1,1,2,1,2,3,0,1,1,1,2,0,3,3,2,1,1,4,1,1,1,0,5,1,0,0,1,1,1,1,1,1,0,0,0,0,1,1,1,1,1,1,1,0,1,0,0,1,1,1,1,1,1,1,1,1,1,1,1,1,1,1,1,1,1,1,1,1,1,1,1,1,1,,
381,27,2,1,1,1,2,1,2,3,0,1,1,1,2,0,2,3,3,1,1,4,1,1,1,0,4,1,0,0,1,1,1,1,1,1,0,0,0,0,1,1,1,1,1,1,1,0,1,0,0,1,1,1,1,1,1,1,1,1,1,1,1,1,1,1,1,1,1,1,1,1,1,1,1,1,1,,
382,25,2,1,1,1,2,1,4,3,0,1,1,1,2,0,1,3,2,1,1,4,1,1,1,0,4,7,0,0,1,1,1,1,1,1,0,0,0,0,1,1,1,1,1,1,1,0,1,0,0,1,1,1,1,1,1,1,1,1,1,1,1,1,1,1,1,1,1,1,1,1,1,1,1,1,1,,
383,40,2,1,1,1,1,1,3,3,0,1,1,1,2,0,3,3,2,1,1,4,1,1,2,0,5,7,0,0,1,1,1,1,1,1,0,0,0,0,1,1,1,1,1,1,1,0,1,0,0,1,1,1,1,1,1,1,1,1,1,1,1,1,1,1,1,1,1,1,1,1,1,1,1,1,1,,
384,32,2,1,1,1,1,1,5,3,0,1,1,1,2,0,1,3,3,1,1,4,1,1,2,0,5,1,0,0,1,1,1,1,1,1,0,0,0,0,1,1,1,1,1,1,1,0,1,0,0,1,1,1,1,1,1,1,1,1,1,1,1,1,1,1,1,1,1,1,1,1,1,1,1,1,1,,
385,40,2,2,1,1,1,4,5,3,0,1,1,1,2,0,2,3,2,2,1,4,1,1,1,0,5,1,0,0,1,1,1,1,1,1,0,0,0,0,1,1,1,1,1,1,1,0,1,0,0,1,1,1,1,1,1,1,1,1,1,1,1,1,1,1,1,1,1,1,1,1,1,1,1,1,1,,
386,29,2,1,1,1,2,4,4,3,0,1,1,1,2,0,2,3,2,1,1,4,1,1,1,0,4,1,0,0,1,1,1,1,1,1,0,0,0,0,1,1,1,1,1,1,1,0,1,0,0,1,1,1,1,1,1,1,1,1,1,1,1,1,1,1,1,1,1,1,1,1,1,1,1,1,1,,
387,38,2,1,1,1,2,5,3,3,0,1,1,1,2,0,3,3,3,1,1,4,1,1,1,0,4,7,0,0,1,1,1,1,1,1,0,0,0,0,1,1,1,1,1,1,1,0,1,0,0,1,1,1,1,1,1,1,1,1,1,1,1,1,1,1,1,1,1,1,1,1,1,1,1,1,1,,
388,50,2,1,1,1,1,5,5,2,0,1,1,1,2,0,3,3,2,2,1,4,1,1,1,0,4,7,0,0,1,1,1,1,1,1,0,0,0,0,1,1,1,1,1,1,1,0,1,0,0,1,1,1,1,1,1,1,1,1,1,1,1,1,1,1,1,1,1,1,1,1,1,1,1,1,1,,
389,41,2,1,1,1,2,1,5,1,0,1,1,1,2,0,3,3,2,1,1,4,1,1,1,0,5,1,0,0,1,1,1,1,1,1,0,0,0,0,1,1,1,1,1,1,1,0,1,0,0,1,1,1,1,1,1,1,1,1,1,1,1,1,1,1,1,1,1,1,1,1,1,1,1,1,1,,
390,32,2,1,1,1,2,4,5,2,0,1,1,1,2,0,2,3,3,2,1,4,1,1,1,0,5,1,0,0,1,1,1,1,1,1,0,0,0,0,1,1,1,1,1,1,1,0,1,0,0,1,1,1,1,1,1,1,1,1,1,1,1,1,1,1,1,1,1,1,1,1,1,1,1,1,1,,
391,28,2,1,1,1,1,3,4,3,0,1,1,1,2,0,2,3,2,1,1,4,1,1,2,0,4,1,0,0,1,1,1,1,1,1,0,0,0,0,1,1,1,1,1,1,1,0,1,0,0,1,1,1,1,1,1,1,1,1,1,1,1,1,1,1,1,1,1,1,1,1,1,1,1,1,1,,
392,35,2,1,1,1,1,4,3,2,0,1,1,1,2,0,1,3,3,1,1,4,1,1,2,0,4,1,0,0,1,1,1,1,1,1,0,0,0,0,1,1,1,1,1,1,1,0,1,0,0,1,1,1,1,1,1,1,1,1,1,1,1,1,1,1,1,1,1,1,1,1,1,1,1,1,1,,
393,45,2,1,1,1,1,1,2,2,0,1,1,1,2,0,1,3,3,3,1,5,1,4,2,0,5,1,0,0,1,1,1,1,1,1,0,0,0,0,1,1,1,1,1,1,1,0,1,0,0,1,1,1,1,1,1,1,1,1,1,1,1,1,1,1,1,1,1,1,1,1,1,1,1,1,1,,
394,33,2,1,1,1,1,1,5,3,0,1,1,1,2,0,1,3,3,1,1,4,1,1,2,0,5,1,0,0,1,1,1,1,1,1,0,0,0,0,1,1,1,1,1,1,1,0,1,0,0,1,1,1,1,1,1,1,1,1,1,1,1,1,1,1,1,1,1,1,1,1,1,1,1,1,1,,
395,43,2,2,1,1,1,4,5,3,0,1,1,1,2,0,2,3,2,2,1,4,1,1,1,0,5,1,0,0,1,1,1,1,1,1,0,0,0,0,1,1,1,1,1,1,1,0,1,0,0,1,1,1,1,1,1,1,1,1,1,1,1,1,1,1,1,1,1,1,1,1,1,1,1,1,1,,
396,32,2,1,1,1,2,4,4,3,0,1,1,1,2,0,2,3,2,1,1,4,1,1,1,0,4,1,0,0,1,1,1,1,1,1,0,0,0,0,1,1,1,1,1,1,1,0,1,0,0,1,1,1,1,1,1,1,1,1,1,1,1,1,1,1,1,1,1,1,1,1,1,1,1,1,1,,
397,45,2,1,1,1,2,5,3,3,0,1,1,1,2,0,3,3,3,1,1,4,1,1,1,0,4,7,0,0,1,1,1,1,1,1,0,0,0,0,1,1,1,1,1,1,1,0,1,0,0,1,1,1,1,1,1,1,1,1,1,1,1,1,1,1,1,1,1,1,1,1,1,1,1,1,1,,
398,32,2,1,1,1,1,5,5,2,0,1,1,1,2,0,3,3,2,2,1,4,1,1,1,0,4,7,0,0,1,1,1,1,1,1,0,0,0,0,1,1,1,1,1,1,1,0,1,0,0,1,1,1,1,1,1,1,1,1,1,1,1,1,1,1,1,1,1,1,1,1,1,1,1,1,1,,
399,38,2,1,1,1,2,1,5,1,0,1,1,1,2,0,3,3,2,1,1,4,1,1,1,0,5,1,0,0,1,1,1,1,1,1,0,0,0,0,1,1,1,1,1,1,1,0,1,0,0,1,1,1,1,1,1,1,1,1,1,1,1,1,1,1,1,1,1,1,1,1,1,1,1,1,1,,
400,32,2,1,1,1,2,4,5,2,0,1,1,1,2,0,2,3,3,2,1,4,1,1,1,0,5,1,0,0,1,1,1,1,1,1,0,0,0,0,1,1,1,1,1,1,1,0,1,0,0,1,1,1,1,1,1,1,1,1,1,1,1,1,1,1,1,1,1,1,1,1,1,1,1,1,1,,
401,55,2,1,1,1,1,3,4,3,0,1,1,1,2,0,2,3,2,1,1,4,1,1,2,0,4,1,0,0,1,1,1,1,1,1,0,0,0,0,1,1,1,1,1,1,1,0,1,0,0,1,1,1,1,1,1,1,1,1,1,1,1,1,1,1,1,1,1,1,1,1,1,1,1,1,1,,
402,59,2,1,1,1,1,4,3,2,0,1,1,1,2,0,1,3,3,1,1,4,1,1,2,0,4,1,0,0,1,1,1,1,1,1,0,0,0,0,1,1,1,1,1,1,1,0,1,0,0,1,1,1,1,1,1,1,1,1,1,1,1,1,1,1,1,1,1,1,1,1,1,1,1,1,1,,
403,42,2,1,1,1,1,1,2,2,0,1,1,1,2,0,1,3,3,3,1,5,1,4,2,0,5,1,0,0,1,1,1,1,1,1,0,0,0,0,1,1,1,1,1,1,1,0,1,0,0,1,1,1,1,1,1,1,1,1,1,1,1,1,1,1,1,1,1,1,1,1,1,1,1,1,1,,
404,48,2,1,1,1,1,1,3,2,0,1,1,1,2,0,2,3,3,1,1,4,1,1,1,0,5,1,0,0,1,1,1,1,1,1,0,0,0,0,1,1,1,1,1,1,1,0,1,0,0,1,1,1,1,1,1,1,1,1,1,1,1,1,1,1,1,1,1,1,1,1,1,1,1,1,1,,
405,31,2,1,1,1,1,1,3,2,0,1,1,1,2,0,2,3,2,1,1,4,1,1,1,0,5,1,0,0,1,1,1,1,1,1,0,0,0,0,1,1,1,1,1,1,1,0,1,0,0,1,1,1,1,1,1,1,1,1,1,1,1,1,1,1,1,1,1,1,1,1,1,1,1,1,1,,
406,56,2,1,1,1,1,5,3,2,0,1,1,1,2,0,2,3,2,1,1,4,1,1,2,0,5,7,0,0,1,1,1,1,1,1,0,0,0,0,1,1,1,1,1,1,1,0,1,0,0,1,1,1,1,1,1,1,1,1,1,1,1,1,1,1,1,1,1,1,1,1,1,1,1,1,1,,
407,50,2,1,1,1,2,4,5,2,0,1,1,1,2,0,1,3,2,3,1,3,1,1,2,0,5,1,0,0,1,1,1,1,1,1,0,0,0,0,1,1,1,1,1,1,1,0,1,0,0,1,1,1,1,1,1,1,1,1,1,1,1,1,1,1,1,1,1,1,1,1,1,1,1,1,1,,
408,38,2,1,1,1,2,1,5,2,0,1,1,1,2,0,2,3,3,2,1,4,1,1,1,0,4,1,0,0,1,1,1,1,1,1,0,0,0,0,1,1,1,1,1,1,1,0,1,0,0,1,1,1,1,1,1,1,1,1,1,1,1,1,1,1,1,1,1,1,1,1,1,1,1,1,1,,
409,32,2,1,1,1,2,5,4,2,0,1,1,1,2,0,2,3,3,1,1,3,1,1,1,0,4,1,0,0,1,1,1,1,1,1,0,0,0,0,1,1,1,1,1,1,1,0,1,0,0,1,1,1,1,1,1,1,1,1,1,1,1,1,1,1,1,1,1,1,1,1,1,1,1,1,1,,
410,30,2,1,1,1,2,1,5,2,0,1,1,1,2,0,2,3,2,1,1,3,1,1,2,0,4,1,0,0,1,1,1,1,1,1,0,0,0,0,1,1,1,1,1,1,1,0,1,0,0,1,1,1,1,1,1,1,1,1,1,1,1,1,1,1,1,1,1,1,1,1,1,1,1,1,1,,
411,70,2,1,1,1,2,4,5,2,0,1,1,1,2,0,2,3,2,1,1,4,1,1,2,0,5,1,0,0,1,1,1,1,1,1,0,0,0,0,1,1,1,1,1,1,1,0,1,0,0,1,1,1,1,1,1,1,1,1,1,1,1,1,1,1,1,1,1,1,1,1,1,1,1,1,1,,
412,32,2,2,1,1,1,1,3,2,0,1,1,1,2,0,2,3,2,1,1,4,1,1,2,0,5,1,0,0,1,1,1,1,1,1,0,0,0,0,1,1,1,1,1,1,1,0,1,0,0,1,1,1,1,1,1,1,1,1,1,1,1,1,1,1,1,1,1,1,1,1,1,1,1,1,1,,
413,56,2,1,1,1,1,1,3,2,0,1,1,1,2,0,2,3,2,1,1,4,1,1,1,0,5,1,0,0,1,1,1,1,1,1,0,0,0,0,1,1,1,1,1,1,1,0,1,0,0,1,1,1,1,1,1,1,1,1,1,1,1,1,1,1,1,1,1,1,1,1,1,1,1,1,1,,
414,33,2,4,1,1,2,1,5,2,0,1,1,1,2,0,1,3,2,1,1,5,1,1,1,0,4,1,0,0,1,1,1,1,1,1,0,0,0,0,1,1,1,1,1,1,1,0,1,0,0,1,1,1,1,1,1,1,1,1,1,1,1,1,1,1,1,1,1,1,1,1,1,1,1,1,1,,
415,43,2,1,1,1,1,1,3,1,0,1,1,1,2,0,1,3,3,1,1,3,1,1,1,0,5,7,0,0,1,1,1,1,1,1,0,0,0,0,1,1,1,1,1,1,1,0,1,0,0,1,1,1,1,1,1,1,1,1,1,1,1,1,1,1,1,1,1,1,1,1,1,1,1,1,1,,
416,36,2,1,1,1,1,5,3,1,0,1,1,1,2,0,2,3,3,2,1,3,1,1,1,0,5,1,0,0,1,1,1,1,1,1,0,0,0,0,1,1,1,1,1,1,1,0,1,0,0,1,1,1,1,1,1,1,1,1,1,1,1,1,1,1,1,1,1,1,1,1,1,1,1,1,1,,
417,41,2,1,1,1,2,1,4,2,0,1,1,1,2,0,2,3,2,1,1,3,1,1,2,0,4,1,0,0,1,1,1,1,1,1,0,0,0,0,1,1,1,1,1,1,1,0,1,0,0,1,1,1,1,1,1,1,1,1,1,1,1,1,1,1,1,1,1,1,1,1,1,1,1,1,1,,
418,20,2,1,1,1,1,1,3,2,0,1,1,1,2,0,1,2,2,1,1,3,1,1,1,0,4,1,0,0,1,1,1,1,1,1,0,0,0,0,1,1,1,1,1,1,1,0,1,0,0,1,1,1,1,1,1,1,1,1,1,1,1,1,1,1,1,1,1,1,1,1,1,1,1,1,1,,
419,50,2,1,1,1,1,1,3,2,0,1,1,1,2,0,3,3,3,1,1,3,1,1,1,0,5,1,0,0,1,1,1,1,1,1,0,0,0,0,1,1,1,1,1,1,1,0,1,0,0,1,1,1,1,1,1,1,1,1,1,1,1,1,1,1,1,1,1,1,1,1,1,1,1,1,1,,
420,43,2,1,1,1,2,1,5,2,0,1,1,1,2,0,2,3,2,1,1,4,1,1,1,0,5,7,0,0,1,1,1,1,1,1,0,0,0,0,1,1,1,1,1,1,1,0,1,0,0,1,1,1,1,1,1,1,1,1,1,1,1,1,1,1,1,1,1,1,1,1,1,1,1,1,1,,
421,33,2,1,1,1,1,1,3,2,0,1,1,1,2,0,3,3,3,1,1,4,1,1,1,0,4,1,0,0,1,1,1,1,1,1,0,0,0,0,1,1,1,1,1,1,1,0,1,0,0,1,1,1,1,1,1,1,1,1,1,1,1,1,1,1,1,1,1,1,1,1,1,1,1,1,1,,
422,26,2,1,1,1,2,4,5,1,0,1,1,1,2,0,3,3,3,2,1,3,1,1,1,0,4,7,0,0,1,1,1,1,1,1,0,0,0,0,1,1,1,1,1,1,1,0,1,0,0,1,1,1,1,1,1,1,1,1,1,1,1,1,1,1,1,1,1,1,1,1,1,1,1,1,1,,
423,55,2,1,1,1,1,1,2,1,0,1,1,1,2,0,1,3,3,1,1,4,1,1,2,0,4,1,0,0,1,1,1,1,1,1,0,0,0,0,1,1,1,1,1,1,1,0,1,0,0,1,1,1,1,1,1,1,1,1,1,1,1,1,1,1,1,1,1,1,1,1,1,1,1,1,1,,
424,26,2,1,1,1,1,5,2,1,0,1,1,1,2,0,2,3,2,1,1,4,1,1,1,0,5,1,0,0,1,1,1,1,1,1,0,0,0,0,1,1,1,1,1,1,1,0,1,0,0,1,1,1,1,1,1,1,1,1,1,1,1,1,1,1,1,1,1,1,1,1,1,1,1,1,1,,
425,26,2,1,1,1,1,5,3,3,0,1,1,1,2,0,1,3,2,1,1,4,1,1,2,0,5,1,0,0,1,1,1,1,1,1,0,0,0,0,1,1,1,1,1,1,1,0,1,0,0,1,1,1,1,1,1,1,1,1,1,1,1,1,1,1,1,1,1,1,1,1,1,1,1,1,1,,
426,45,2,1,1,1,1,1,3,3,0,1,1,1,2,0,2,3,3,2,1,4,1,1,2,0,5,1,0,0,1,1,1,1,1,1,0,0,0,0,1,1,1,1,1,1,1,0,1,0,0,1,1,1,1,1,1,1,1,1,1,1,1,1,1,1,1,1,1,1,1,1,1,1,1,1,1,,
427,38,2,1,1,1,1,1,4,3,0,1,1,1,2,0,3,3,2,2,1,3,1,1,2,0,4,1,0,0,1,1,1,1,1,1,0,0,0,0,1,1,1,1,1,1,1,0,1,0,0,1,1,1,1,1,1,1,1,1,1,1,1,1,1,1,1,1,1,1,1,1,1,1,1,1,1,,
428,60,2,1,1,1,1,1,2,2,0,1,1,1,2,0,2,3,2,2,1,3,1,1,2,0,4,7,0,0,1,1,1,1,1,1,0,0,0,0,1,1,1,1,1,1,1,0,1,0,0,1,1,1,1,1,1,1,1,1,1,1,1,1,1,1,1,1,1,1,1,1,1,1,1,1,1,,
429,40,2,2,1,1,1,1,5,2,0,1,1,1,2,0,3,3,3,1,1,4,1,1,1,0,5,1,0,0,1,1,1,1,1,1,0,0,0,0,1,1,1,1,1,1,1,0,1,0,0,1,1,1,1,1,1,1,1,1,1,1,1,1,1,1,1,1,1,1,1,1,1,1,1,1,1,,
430,46,2,1,1,1,2,1,3,1,0,1,1,1,2,0,1,3,3,1,1,4,1,1,1,0,4,1,0,0,1,1,1,1,1,1,0,0,0,0,1,1,1,1,1,1,1,0,1,0,0,1,1,1,1,1,1,1,1,1,1,1,1,1,1,1,1,1,1,1,1,1,1,1,1,1,1,,
431,29,2,1,1,1,2,1,2,3,0,1,1,1,2,0,3,3,2,1,1,4,1,1,1,0,5,1,0,0,1,1,1,1,1,1,0,0,0,0,1,1,1,1,1,1,1,0,1,0,0,1,1,1,1,1,1,1,1,1,1,1,1,1,1,1,1,1,1,1,1,1,1,1,1,1,1,,
432,34,2,1,1,1,2,1,2,3,0,1,1,1,2,0,2,3,3,1,1,4,1,1,1,0,4,1,0,0,1,1,1,1,1,1,0,0,0,0,1,1,1,1,1,1,1,0,1,0,0,1,1,1,1,1,1,1,1,1,1,1,1,1,1,1,1,1,1,1,1,1,1,1,1,1,1,,
433,61,2,1,1,1,2,1,4,3,0,1,1,1,2,0,1,3,2,1,1,4,1,1,1,0,4,7,0,0,1,1,1,1,1,1,0,0,0,0,1,1,1,1,1,1,1,0,1,0,0,1,1,1,1,1,1,1,1,1,1,1,1,1,1,1,1,1,1,1,1,1,1,1,1,1,1,,
434,24,2,1,1,1,1,1,3,3,0,1,1,1,2,0,3,3,2,1,1,4,1,1,2,0,5,7,0,0,1,1,1,1,1,1,0,0,0,0,1,1,1,1,1,1,1,0,1,0,0,1,1,1,1,1,1,1,1,1,1,1,1,1,1,1,1,1,1,1,1,1,1,1,1,1,1,,
435,33,2,1,1,1,1,1,5,3,0,1,1,1,2,0,1,3,3,1,1,4,1,1,2,0,5,1,0,0,1,1,1,1,1,1,0,0,0,0,1,1,1,1,1,1,1,0,1,0,0,1,1,1,1,1,1,1,1,1,1,1,1,1,1,1,1,1,1,1,1,1,1,1,1,1,1,,
436,57,2,2,1,1,1,4,5,3,0,1,1,1,2,0,2,3,2,2,1,4,1,1,1,0,5,1,0,0,1,1,1,1,1,1,0,0,0,0,1,1,1,1,1,1,1,0,1,0,0,1,1,1,1,1,1,1,1,1,1,1,1,1,1,1,1,1,1,1,1,1,1,1,1,1,1,,
437,35,2,1,1,1,2,4,4,3,0,1,1,1,2,0,2,3,2,1,1,4,1,1,1,0,4,1,0,0,1,1,1,1,1,1,0,0,0,0,1,1,1,1,1,1,1,0,1,0,0,1,1,1,1,1,1,1,1,1,1,1,1,1,1,1,1,1,1,1,1,1,1,1,1,1,1,,
438,28,2,1,1,1,2,5,3,3,0,1,1,1,2,0,3,3,3,1,1,4,1,1,1,0,4,7,0,0,1,1,1,1,1,1,0,0,0,0,1,1,1,1,1,1,1,0,1,0,0,1,1,1,1,1,1,1,1,1,1,1,1,1,1,1,1,1,1,1,1,1,1,1,1,1,1,,
439,54,2,1,1,1,1,5,5,2,0,1,1,1,2,0,3,3,2,2,1,4,1,1,1,0,4,7,0,0,1,1,1,1,1,1,0,0,0,0,1,1,1,1,1,1,1,0,1,0,0,1,1,1,1,1,1,1,1,1,1,1,1,1,1,1,1,1,1,1,1,1,1,1,1,1,1,,
440,34,2,1,1,1,2,1,5,1,0,1,1,1,2,0,3,3,2,1,1,4,1,1,1,0,5,1,0,0,1,1,1,1,1,1,0,0,0,0,1,1,1,1,1,1,1,0,1,0,0,1,1,1,1,1,1,1,1,1,1,1,1,1,1,1,1,1,1,1,1,1,1,1,1,1,1,,
441,23,2,1,1,1,2,4,5,2,0,1,1,1,2,0,2,3,3,2,1,4,1,1,1,0,5,1,0,0,1,1,1,1,1,1,0,0,0,0,1,1,1,1,1,1,1,0,1,0,0,1,1,1,1,1,1,1,1,1,1,1,1,1,1,1,1,1,1,1,1,1,1,1,1,1,1,,
442,49,2,1,1,1,1,3,4,3,0,1,1,1,2,0,2,3,2,1,1,4,1,1,2,0,4,1,0,0,1,1,1,1,1,1,0,0,0,0,1,1,1,1,1,1,1,0,1,0,0,1,1,1,1,1,1,1,1,1,1,1,1,1,1,1,1,1,1,1,1,1,1,1,1,1,1,,
443,33,2,1,1,1,1,4,3,2,0,1,1,1,2,0,1,3,3,1,1,4,1,1,2,0,4,1,0,0,1,1,1,1,1,1,0,0,0,0,1,1,1,1,1,1,1,0,1,0,0,1,1,1,1,1,1,1,1,1,1,1,1,1,1,1,1,1,1,1,1,1,1,1,1,1,1,,
444,58,2,1,1,1,1,1,2,2,0,1,1,1,2,0,1,3,3,3,1,5,1,4,2,0,5,1,0,0,1,1,1,1,1,1,0,1,0,0,1,1,1,1,1,1,1,0,1,0,0,1,1,1,1,1,1,1,1,1,1,1,1,1,1,1,1,1,1,1,1,1,1,1,1,1,1,,
445,55,2,1,1,1,2,4,4,3,0,1,1,1,2,0,3,3,3,1,1,4,1,1,1,0,2,6,0,0,1,1,1,1,1,1,0,0,0,0,1,1,1,1,1,1,1,0,1,0,0,1,1,1,1,1,1,1,1,1,1,1,1,1,1,1,1,1,1,1,1,1,1,1,1,1,1,,
446,38,2,1,1,1,1,4,4,3,0,1,1,1,2,0,3,3,3,1,1,4,1,1,1,0,5,6,0,0,1,1,1,1,1,1,0,0,0,0,1,1,1,1,1,1,1,0,1,0,0,1,1,1,1,1,1,1,1,1,1,1,1,1,1,1,1,1,1,1,1,1,1,1,1,1,1,,
447,75,2,1,1,1,2,4,1,1,0,1,1,1,2,0,2,3,3,1,1,4,1,1,1,0,5,7,0,0,1,1,1,1,1,1,0,0,0,0,1,1,1,1,1,1,1,1,1,0,0,1,1,1,1,1,1,1,1,1,1,1,1,1,1,1,1,1,1,1,1,1,1,1,1,1,1,,
448,25,2,1,1,1,1,4,3,1,0,1,1,1,2,0,3,3,1,1,1,5,1,4,1,0,5,7,0,0,1,1,1,1,1,1,0,0,0,0,1,1,1,1,1,1,1,0,1,0,0,1,1,1,1,1,1,1,1,1,1,1,1,1,1,1,1,1,1,1,1,1,1,1,1,1,1,,
449,52,2,1,1,1,1,1,3,2,0,1,1,1,2,0,2,3,3,1,1,4,1,1,1,0,5,1,0,0,1,1,1,1,1,1,0,0,0,0,1,1,1,1,1,1,1,0,1,0,0,1,1,1,1,1,1,1,1,1,1,1,1,1,1,1,1,1,1,1,1,1,1,1,1,1,1,,
450,27,2,1,1,1,1,1,3,2,0,1,1,1,2,0,2,3,2,1,1,4,1,1,1,0,5,1,0,0,1,1,1,1,1,1,0,0,0,0,1,1,1,1,1,1,1,0,1,0,0,1,1,1,1,1,1,1,1,1,1,1,1,1,1,1,1,1,1,1,1,1,1,1,1,1,1,,
451,25,2,1,1,1,1,5,3,2,0,1,1,1,2,0,2,3,2,1,1,4,1,1,2,0,5,7,0,0,1,1,1,1,1,1,0,0,0,0,1,1,1,1,1,1,1,0,1,0,0,1,1,1,1,1,1,1,1,1,1,1,1,1,1,1,1,1,1,1,1,1,1,1,1,1,1,,
452,35,2,1,1,1,2,4,5,2,0,1,1,1,2,0,1,3,2,3,1,3,1,1,2,0,5,1,0,0,1,1,1,1,1,1,0,0,0,0,1,1,1,1,1,1,1,0,1,0,0,1,1,1,1,1,1,1,1,1,1,1,1,1,1,1,1,1,1,1,1,1,1,1,1,1,1,,
453,35,2,1,1,1,2,1,5,2,0,1,1,1,2,0,2,3,3,2,1,4,1,1,1,0,4,1,0,0,1,1,1,1,1,1,0,0,0,0,1,1,1,1,1,1,1,0,1,0,0,1,1,1,1,1,1,1,1,1,1,1,1,1,1,1,1,1,1,1,1,1,1,1,1,1,1,,
454,56,2,1,1,1,2,5,4,2,0,1,1,1,2,0,2,3,3,1,1,3,1,1,1,0,4,1,0,0,1,1,1,1,1,1,0,0,0,0,1,1,1,1,1,1,1,0,1,0,0,1,1,1,1,1,1,1,1,1,1,1,1,1,1,1,1,1,1,1,1,1,1,1,1,1,1,,
455,34,2,1,1,1,2,1,5,2,0,1,1,1,2,0,2,3,2,1,1,3,1,1,2,0,4,1,0,0,1,1,1,1,1,1,0,0,0,0,1,1,1,1,1,1,1,0,1,0,0,1,1,1,1,1,1,1,1,1,1,1,1,1,1,1,1,1,1,1,1,1,1,1,1,1,1,,
456,43,2,1,1,1,2,4,5,2,0,1,1,1,2,0,2,3,2,1,1,4,1,1,2,0,5,1,0,0,1,1,1,1,1,1,0,0,0,0,1,1,1,1,1,1,1,0,1,0,0,1,1,1,1,1,1,1,1,1,1,1,1,1,1,1,1,1,1,1,1,1,1,1,1,1,1,,
457,35,2,2,1,1,1,1,3,2,0,1,1,1,2,0,2,3,2,1,1,4,1,1,2,0,5,1,0,0,1,1,1,1,1,1,0,0,0,0,1,1,1,1,1,1,1,0,1,0,0,1,1,1,1,1,1,1,1,1,1,1,1,1,1,1,1,1,1,1,1,1,1,1,1,1,1,,
458,31,2,1,1,1,1,1,3,2,0,1,1,1,2,0,2,3,2,1,1,4,1,1,1,0,5,1,0,0,1,1,1,1,1,1,0,0,0,0,1,1,1,1,1,1,1,0,1,0,0,1,1,1,1,1,1,1,1,1,1,1,1,1,1,1,1,1,1,1,1,1,1,1,1,1,1,,
459,45,2,4,1,1,2,1,5,2,0,1,1,1,2,0,1,3,2,1,1,5,1,1,1,0,4,1,0,0,1,1,1,1,1,1,0,0,0,0,1,1,1,1,1,1,1,0,1,0,0,1,1,1,1,1,1,1,1,1,1,1,1,1,1,1,1,1,1,1,1,1,1,1,1,1,1,,
460,44,2,1,1,1,1,1,3,1,0,1,1,1,2,0,1,3,3,1,1,3,1,1,1,0,5,7,0,0,1,1,1,1,1,1,0,0,0,0,1,1,1,1,1,1,1,0,1,0,0,1,1,1,1,1,1,1,1,1,1,1,1,1,1,1,1,1,1,1,1,1,1,1,1,1,1,,
461,27,2,1,1,1,1,5,3,1,0,1,1,1,2,0,2,3,3,2,1,3,1,1,1,0,5,1,0,0,1,1,1,1,1,1,0,0,0,0,1,1,1,1,1,1,1,0,1,0,0,1,1,1,1,1,1,1,1,1,1,1,1,1,1,1,1,1,1,1,1,1,1,1,1,1,1,,
462,51,2,1,1,1,2,1,4,2,0,1,1,1,2,0,2,3,2,1,1,3,1,1,2,0,4,1,0,0,1,1,1,1,1,1,0,0,0,0,1,1,1,1,1,1,1,0,1,0,0,1,1,1,1,1,1,1,1,1,1,1,1,1,1,1,1,1,1,1,1,1,1,1,1,1,1,,
463,52,2,1,1,1,1,1,3,2,0,1,1,1,2,0,1,2,2,1,1,3,1,1,1,0,4,1,0,0,1,1,1,1,1,1,0,0,0,0,1,1,1,1,1,1,1,0,1,0,0,1,1,1,1,1,1,1,1,1,1,1,1,1,1,1,1,1,1,1,1,1,1,1,1,1,1,,
464,27,2,1,1,1,1,1,3,2,0,1,1,1,2,0,3,3,3,1,1,3,1,1,1,0,5,1,0,0,1,1,1,1,1,1,0,0,0,0,1,1,1,1,1,1,1,0,1,0,0,1,1,1,1,1,1,1,1,1,1,1,1,1,1,1,1,1,1,1,1,1,1,1,1,1,1,,
465,66,2,1,1,1,2,1,5,2,0,1,1,1,2,0,2,3,2,1,1,4,1,1,1,0,5,7,0,0,1,1,1,1,1,1,0,0,0,0,1,1,1,1,1,1,1,0,1,0,0,1,1,1,1,1,1,1,1,1,1,1,1,1,1,1,1,1,1,1,1,1,1,1,1,1,1,,
466,33,2,1,1,1,1,1,3,2,0,1,1,1,2,0,3,3,3,1,1,4,1,1,1,0,4,1,0,0,1,1,1,1,1,1,0,0,0,0,1,1,1,1,1,1,1,0,1,0,0,1,1,1,1,1,1,1,1,1,1,1,1,1,1,1,1,1,1,1,1,1,1,1,1,1,1,,
467,43,2,1,1,1,2,4,5,1,0,1,1,1,2,0,3,3,3,2,1,3,1,1,1,0,4,7,0,0,1,1,1,1,1,1,0,0,0,0,1,1,1,1,1,1,1,0,1,0,0,1,1,1,1,1,1,1,1,1,1,1,1,1,1,1,1,1,1,1,1,1,1,1,1,1,1,,
468,26,2,1,1,1,1,1,2,1,0,1,1,1,2,0,1,3,3,1,1,4,1,1,2,0,4,1,0,0,1,1,1,1,1,1,0,0,0,0,1,1,1,1,1,1,1,0,1,0,0,1,1,1,1,1,1,1,1,1,1,1,1,1,1,1,1,1,1,1,1,1,1,1,1,1,1,,
469,33,2,1,1,1,1,5,2,1,0,1,1,1,2,0,2,3,2,1,1,4,1,1,1,0,5,1,0,0,1,1,1,1,1,1,0,0,0,0,1,1,1,1,1,1,1,0,1,0,0,1,1,1,1,1,1,1,1,1,1,1,1,1,1,1,1,1,1,1,1,1,1,1,1,1,1,,
470,60,2,1,1,1,1,5,3,3,0,1,1,1,2,0,1,3,2,1,1,4,1,1,2,0,5,1,0,0,1,1,1,1,1,1,0,0,0,0,1,1,1,1,1,1,1,0,1,0,0,1,1,1,1,1,1,1,1,1,1,1,1,1,1,1,1,1,1,1,1,1,1,1,1,1,1,,
471,30,2,1,1,1,1,1,3,3,0,1,1,1,2,0,2,3,3,2,1,4,1,1,2,0,5,1,0,0,1,1,1,1,1,1,0,0,0,0,1,1,1,1,1,1,1,0,1,0,0,1,1,1,1,1,1,1,1,1,1,1,1,1,1,1,1,1,1,1,1,1,1,1,1,1,1,,
472,65,2,1,1,1,1,1,4,3,0,1,1,1,2,0,3,3,2,2,1,3,1,1,2,0,4,1,0,0,1,1,1,1,1,1,0,0,0,0,1,1,1,1,1,1,1,0,1,0,0,1,1,1,1,1,1,1,1,1,1,1,1,1,1,1,1,1,1,1,1,1,1,1,1,1,1,,
473,22,2,1,1,1,1,1,2,2,0,1,1,1,2,0,2,3,2,2,1,3,1,1,2,0,4,7,0,0,1,1,1,1,1,1,0,0,0,0,1,1,1,1,1,1,1,0,1,0,0,1,1,1,1,1,1,1,1,1,1,1,1,1,1,1,1,1,1,1,1,1,1,1,1,1,1,,
474,35,2,2,1,1,1,1,5,2,0,1,1,1,2,0,3,3,3,1,1,4,1,1,1,0,5,1,0,0,1,1,1,1,1,1,0,0,0,0,1,1,1,1,1,1,1,0,1,0,0,1,1,1,1,1,1,1,1,1,1,1,1,1,1,1,1,1,1,1,1,1,1,1,1,1,1,,
475,32,2,1,1,1,2,1,3,1,0,1,1,1,2,0,1,3,3,1,1,4,1,1,1,0,4,1,0,0,1,1,1,1,1,1,0,0,0,0,1,1,1,1,1,1,1,0,1,0,0,1,1,1,1,1,1,1,1,1,1,1,1,1,1,1,1,1,1,1,1,1,1,1,1,1,1,,
476,32,2,1,1,1,2,1,2,3,0,1,1,1,2,0,3,3,2,1,1,4,1,1,1,0,5,1,0,0,1,1,1,1,1,1,0,0,0,0,1,1,1,1,1,1,1,0,1,0,0,1,1,1,1,1,1,1,1,1,1,1,1,1,1,1,1,1,1,1,1,1,1,1,1,1,1,,
477,32,2,1,1,1,2,1,2,3,0,1,1,1,2,0,2,3,3,1,1,4,1,1,1,0,4,1,0,0,1,1,1,1,1,1,0,0,0,0,1,1,1,1,1,1,1,0,1,0,0,1,1,1,1,1,1,1,1,1,1,1,1,1,1,1,1,1,1,1,1,1,1,1,1,1,1,,
478,51,2,1,1,1,2,1,4,3,0,1,1,1,2,0,1,3,2,1,1,4,1,1,1,0,4,7,0,0,1,1,1,1,1,1,0,0,0,0,1,1,1,1,1,1,1,0,1,0,0,1,1,1,1,1,1,1,1,1,1,1,1,1,1,1,1,1,1,1,1,1,1,1,1,1,1,,
479,42,2,1,1,1,1,1,3,3,0,1,1,1,2,0,3,3,2,1,1,4,1,1,2,0,5,7,0,0,1,1,1,1,1,1,0,0,0,0,1,1,1,1,1,1,1,0,1,0,0,1,1,1,1,1,1,1,1,1,1,1,1,1,1,1,1,1,1,1,1,1,1,1,1,1,1,,
480,26,2,1,1,1,1,1,5,3,0,1,1,1,2,0,1,3,3,1,1,4,1,1,2,0,5,1,0,0,1,1,1,1,1,1,0,0,0,0,1,1,1,1,1,1,1,0,1,0,0,1,1,1,1,1,1,1,1,1,1,1,1,1,1,1,1,1,1,1,1,1,1,1,1,1,1,,
481,24,2,2,1,1,1,4,5,3,0,1,1,1,2,0,2,3,2,2,1,4,1,1,1,0,5,1,0,0,1,1,1,1,1,1,0,0,0,0,1,1,1,1,1,1,1,0,1,0,0,1,1,1,1,1,1,1,1,1,1,1,1,1,1,1,1,1,1,1,1,1,1,1,1,1,1,,
482,50,2,1,1,1,2,4,4,3,0,1,1,1,2,0,2,3,2,1,1,4,1,1,1,0,4,1,0,0,1,1,1,1,1,1,0,0,0,0,1,1,1,1,1,1,1,0,1,0,0,1,1,1,1,1,1,1,1,1,1,1,1,1,1,1,1,1,1,1,1,1,1,1,1,1,1,,
483,42,2,1,1,1,2,5,3,3,0,1,1,1,2,0,3,3,3,1,1,4,1,1,1,0,4,7,0,0,1,1,1,1,1,1,0,0,0,0,1,1,1,1,1,1,1,0,1,0,0,1,1,1,1,1,1,1,1,1,1,1,1,1,1,1,1,1,1,1,1,1,1,1,1,1,1,,
484,58,2,1,1,1,1,5,5,2,0,1,1,1,2,0,3,3,2,2,1,4,1,1,1,0,4,7,0,0,1,1,1,1,1,1,0,0,0,0,1,1,1,1,1,1,1,0,1,0,0,1,1,1,1,1,1,1,1,1,1,1,1,1,1,1,1,1,1,1,1,1,1,1,1,1,1,,
485,27,2,1,1,1,2,1,5,1,0,1,1,1,2,0,3,3,2,1,1,4,1,1,1,0,5,1,0,0,1,1,1,1,1,1,0,0,0,0,1,1,1,1,1,1,1,0,1,0,0,1,1,1,1,1,1,1,1,1,1,1,1,1,1,1,1,1,1,1,1,1,1,1,1,1,1,,
486,39,2,1,1,1,2,4,5,2,0,1,1,1,2,0,2,3,3,2,1,4,1,1,1,0,5,1,0,0,1,1,1,1,1,1,0,0,0,0,1,1,1,1,1,1,1,0,1,0,0,1,1,1,1,1,1,1,1,1,1,1,1,1,1,1,1,1,1,1,1,1,1,1,1,1,1,,
487,32,2,1,1,1,1,3,4,3,0,1,1,1,2,0,2,3,2,1,1,4,1,1,2,0,4,1,0,0,1,1,1,1,1,1,0,0,0,0,1,1,1,1,1,1,1,0,1,0,0,1,1,1,1,1,1,1,1,1,1,1,1,1,1,1,1,1,1,1,1,1,1,1,1,1,1,,
488,39,2,1,1,1,1,4,3,2,0,1,1,1,2,0,1,3,3,1,1,4,1,1,2,0,4,1,0,0,1,1,1,1,1,1,0,0,0,0,1,1,1,1,1,1,1,0,1,0,0,1,1,1,1,1,1,1,1,1,1,1,1,1,1,1,1,1,1,1,1,1,1,1,1,1,1,,
489,35,2,1,1,1,1,1,2,2,0,1,1,1,2,0,1,3,3,3,1,5,1,4,2,0,5,1,0,0,1,1,1,1,1,1,0,1,0,0,1,1,1,1,1,1,1,0,1,0,0,1,1,1,1,1,1,1,1,1,1,1,1,1,1,1,1,1,1,1,1,1,1,1,1,1,1,,
490,39,2,1,1,1,2,4,4,3,0,1,1,1,2,0,3,3,3,1,1,4,1,1,1,0,2,6,0,0,1,1,1,1,1,1,0,0,0,0,1,1,1,1,1,1,1,0,1,0,0,1,1,1,1,1,1,1,1,1,1,1,1,1,1,1,1,1,1,1,1,1,1,1,1,1,1,,
491,31,2,1,1,1,1,4,4,3,0,1,1,1,2,0,3,3,3,1,1,4,1,1,1,0,5,6,0,0,1,1,1,1,1,1,0,0,0,0,1,1,1,1,1,1,1,0,1,0,0,1,1,1,1,1,1,1,1,1,1,1,1,1,1,1,1,1,1,1,1,1,1,1,1,1,1,,
492,45,2,1,1,1,2,4,1,1,0,1,1,1,2,0,2,3,3,1,1,4,1,1,1,0,5,7,0,0,1,1,1,1,1,1,0,0,0,0,1,1,1,1,1,1,1,1,1,0,0,1,1,1,1,1,1,1,1,1,1,1,1,1,1,1,1,1,1,1,1,1,1,1,1,1,1,,
493,27,2,1,1,1,1,4,3,1,0,1,1,1,2,0,3,3,1,1,1,5,1,4,1,0,5,7,0,0,1,1,1,1,1,1,0,0,0,0,1,1,1,1,1,1,1,0,1,0,0,1,1,1,1,1,1,1,1,1,1,1,1,1,1,1,1,1,1,1,1,1,1,1,1,1,1,,
494,40,2,1,4,1,1,4,1,1,0,1,1,1,2,0,2,3,2,1,1,4,1,4,2,0,4,1,0,0,1,1,1,1,1,1,0,0,0,0,1,1,1,1,1,1,1,0,1,0,0,1,1,1,1,1,1,1,1,1,1,1,1,1,1,1,1,1,1,1,1,1,1,1,1,1,1,,
495,37,2,3,1,1,2,4,3,2,0,1,1,1,2,0,1,3,3,2,1,4,1,1,1,0,4,7,0,0,1,1,1,1,1,1,0,0,0,0,1,1,1,1,1,1,1,0,1,0,0,1,1,1,1,1,1,1,1,1,1,1,1,1,1,1,1,1,1,1,1,1,1,1,1,1,1,,
496,27,2,1,1,1,1,1,3,3,0,1,1,1,2,0,1,3,3,3,1,4,1,1,1,0,4,1,0,0,1,1,1,1,1,1,0,0,0,0,1,1,1,1,1,1,1,0,1,0,0,1,1,1,1,1,1,1,1,1,1,1,1,1,1,1,1,1,1,1,1,1,1,1,1,1,1,,
497,33,2,5,1,1,1,1,3,1,0,1,1,1,2,0,2,3,2,1,1,4,1,1,2,0,4,1,0,0,1,1,1,1,1,1,0,0,0,0,1,1,1,1,1,1,1,0,1,0,0,1,1,1,1,1,1,1,1,1,1,1,1,1,1,1,1,1,1,1,1,1,1,1,1,1,1,,
498,32,2,1,4,1,1,1,1,2,0,1,1,1,2,0,1,3,2,1,1,4,1,1,2,0,4,1,0,0,1,1,1,1,1,1,0,0,0,0,1,1,1,1,1,1,1,0,1,0,0,1,1,1,1,1,1,1,1,1,1,1,1,1,1,1,1,1,1,1,1,1,1,1,1,1,1,,
499,26,2,6,1,1,1,1,2,3,0,1,1,1,2,0,1,1,3,1,1,4,1,1,2,0,4,1,0,0,1,1,1,1,1,1,0,0,0,0,1,1,1,1,1,1,1,0,1,0,0,1,1,1,1,1,1,1,1,1,1,1,1,1,1,1,1,1,1,1,1,1,1,1,1,1,1,,
500,27,2,4,4,1,1,4,3,2,0,1,1,1,2,0,1,3,3,1,1,5,1,4,1,0,2,1,0,0,1,1,1,1,1,1,0,0,0,0,1,1,1,1,1,1,1,0,1,0,0,1,1,1,1,1,1,1,1,1,1,1,1,1,1,1,1,1,1,1,1,1,1,1,1,1,1,,
501,20,2,4,1,1,2,4,3,2,0,1,1,1,2,0,3,3,3,1,1,5,1,4,2,0,2,6,0,0,1,1,1,1,1,1,0,0,0,0,1,1,1,1,1,1,1,0,1,0,0,1,1,1,1,1,1,1,1,1,1,1,1,1,1,1,1,1,1,1,1,1,1,1,1,1,1,,
